Project,Model,Task,R_Squared,R_Squared_X,R_Squared_Adj,MAE,MSE,RMSE,PRED_25,PRED_25_X,PRED_50,PRED_50_X,T_Records
angular,Line_CC,BUG,0.86,,0.86,5357.04,71027661.82,8427.79,0.2,0.23,0.37,0.41,326
angular,Line_EC,BUG,0.61,,0.6,1131.12,15063951.33,3881.23,0.12,0.08,0.22,0.17,326
angular,Line_CC,DOCS,0.6,,0.59,6498.02,150471585.88,12266.69,0.22,0.14,0.31,0.28,318
angular,Line_EC,DOCS,0.66,,0.65,576.88,2297196.0,1515.65,0.24,0.07,0.42,0.17,318
angular,Line_CC,REFACTOR,0.7,,0.69,4077.67,76608667.75,8752.64,0.32,0.25,0.47,0.43,295
angular,Line_EC,REFACTOR,0.7,,0.69,448.5,2222409.06,1490.77,0.27,0.21,0.45,0.32,295
angular,Line_CC,TESTING,0.25,,0.23,8966.58,255622714.5,15988.21,0.07,0.07,0.2,0.17,279
angular,Line_EC,TESTING,0.51,,0.5,172.81,376809.0,613.85,0.22,0.13,0.28,0.29,279
angular,Line_CC,FEATURE,0.58,,0.57,4753.95,152624737.65,12354.14,0.32,0.22,0.48,0.4,262
angular,Line_EC,FEATURE,-0.87,,-0.93,453.05,4306783.26,2075.28,0.44,0.29,0.5,0.47,262
angular,Line_CC,UPGRADE,0.37,,0.34,1738.36,11949478.77,3456.8,0.45,0.22,0.55,0.32,194
angular,Line_EC,UPGRADE,0.04,,-0.0,278.03,2661545.03,1631.42,0.38,0.28,0.54,0.37,194
angular,Line_CC,RELEASE,0.45,,0.43,129.29,76623.44,276.81,0.17,0.08,0.3,0.19,280
angular,Line_EC,RELEASE,0.91,,0.91,1.67,28.72,5.36,0.54,0.45,0.85,0.63,280
angular,Line_CC,SUPPORT,0.91,,0.9,224.05,303199.02,550.64,0.44,0.18,0.48,0.3,108
angular,Line_EC,SUPPORT,1.0,,1.0,0.02,0.02,0.12,1.0,0.94,1.0,0.94,108
angular,Line_CC,OTHER,0.44,,0.43,17064.94,1828599005.41,42762.12,0.11,0.11,0.2,0.24,315
angular,Line_EC,OTHER,0.79,,0.78,427.94,1702634.12,1304.85,0.25,0.06,0.36,0.27,315
node,Line_CC,BUG,0.73,,0.72,7962.1,198902354.21,14103.27,0.44,0.32,0.61,0.52,280
node,Line_EC,BUG,0.68,,0.67,1064.32,8517373.31,2918.45,0.71,0.66,0.8,0.79,280
node,Line_CC,DOCS,0.51,,0.49,4052.11,75379770.16,8682.15,0.29,0.13,0.45,0.33,231
node,Line_EC,DOCS,0.6,,0.59,1862.55,24186710.39,4918.0,0.3,0.31,0.52,0.34,231
node,Line_CC,REFACTOR,0.94,,0.94,2457.07,18689135.32,4323.09,0.54,0.51,0.69,0.59,234
node,Line_EC,REFACTOR,0.94,,0.94,674.69,3077212.06,1754.2,0.53,0.45,0.57,0.6,234
node,Line_CC,TESTING,0.95,,0.95,4056.42,47844127.93,6916.94,0.61,0.37,0.8,0.72,275
node,Line_EC,TESTING,0.91,,0.91,808.71,2946561.16,1716.56,0.66,0.62,0.78,0.76,275
node,Line_CC,FEATURE,0.25,,0.21,156.78,82013.76,286.38,0.41,0.52,0.59,0.58,147
node,Line_EC,FEATURE,1.0,,1.0,0.0,0.0,0.0,1.0,1.0,1.0,1.0,147
node,Line_CC,UPGRADE,0.9,,0.9,81436.68,21764703078.22,147528.65,0.67,0.49,0.76,0.71,251
node,Line_EC,UPGRADE,0.94,,0.94,8407.52,339087895.8,18414.34,0.56,0.49,0.72,0.65,251
node,Line_CC,RELEASE,0.95,,0.95,102.48,29695.95,172.33,0.68,0.58,0.87,0.74,247
node,Line_EC,RELEASE,0.95,,0.95,8.14,267.99,16.37,0.79,0.63,0.94,0.78,247
node,Line_CC,SUPPORT,0.91,,0.91,1003.17,3297346.73,1815.86,0.44,0.43,0.6,0.63,249
node,Line_EC,SUPPORT,0.87,,0.87,147.87,182358.14,427.03,0.6,0.43,0.73,0.67,249
node,Line_CC,OTHER,0.93,,0.93,177483.5,124772659510.47,353231.74,0.53,0.39,0.65,0.55,299
node,Line_EC,OTHER,0.67,,0.66,68027.19,25604660906.92,160014.56,0.62,0.54,0.73,0.63,299
neutron,Line_CC,BUG,0.22,,0.17,8006.2,320719845.5,17908.65,0.19,0.22,0.54,0.39,147
neutron,Line_EC,BUG,0.23,,0.18,19831.12,2488025442.69,49880.11,0.24,0.23,0.38,0.37,147
neutron,Line_CC,DOCS,0.44,,0.37,426.21,303864.06,551.24,0.3,0.24,0.3,0.36,80
neutron,Line_EC,DOCS,0.32,,0.24,1010.13,1578152.5,1256.25,0.05,0.16,0.45,0.36,80
neutron,Line_CC,REFACTOR,0.95,,0.94,312.78,260763.34,510.65,0.62,0.55,0.71,0.73,84
neutron,Line_EC,REFACTOR,0.8,,0.78,761.41,968777.57,984.26,0.14,0.26,0.38,0.52,84
neutron,Line_CC,TESTING,0.58,,0.55,2165.34,22208930.67,4712.64,0.23,0.28,0.43,0.48,138
neutron,Line_EC,TESTING,0.43,,0.39,4535.93,144042383.7,12001.77,0.29,0.34,0.51,0.54,138
neutron,Line_CC,FEATURE,0.52,,0.4,234.25,74419.76,272.8,0.27,0.24,0.55,0.5,42
neutron,Line_EC,FEATURE,-0.04,,-0.3,499.54,500495.24,707.46,0.36,0.31,0.36,0.43,42
neutron,Line_CC,UPGRADE,0.22,,0.15,622.44,2150238.13,1466.37,0.19,0.18,0.31,0.34,104
neutron,Line_EC,UPGRADE,0.14,,0.07,1433.72,9315630.34,3052.15,0.08,0.14,0.27,0.27,104
neutron,Line_CC,RELEASE,-0.02,,-0.1,422.96,2945658.26,1716.29,0.37,0.24,0.56,0.39,106
neutron,Line_EC,RELEASE,-0.02,,-0.1,1277.79,26876646.76,5184.27,0.33,0.16,0.52,0.33,106
neutron,Line_CC,SUPPORT,0.25,,0.19,2316.11,18102206.21,4254.67,0.3,0.28,0.47,0.44,119
neutron,Line_EC,SUPPORT,0.54,,0.51,2835.63,26720390.01,5169.18,0.37,0.24,0.43,0.43,119
neutron,Line_CC,OTHER,-0.2,,-0.27,270385.1,324430318974.95,569587.85,0.26,0.18,0.42,0.34,152
neutron,Line_EC,OTHER,-0.47,,-0.55,221679.68,401436333727.89,633590.04,0.26,0.24,0.42,0.36,152
vue,Line_CC,BUG,0.95,,0.95,97.48,45209.22,212.62,0.4,0.32,0.57,0.54,118
vue,Line_EC,BUG,1.0,,1.0,0.0,0.0,0.0,,0.0,,0.0,118
vue,Line_CC,DOCS,0.81,,0.81,45.4,4255.99,65.24,0.33,0.45,0.33,0.45,11
vue,Line_EC,DOCS,1.0,,1.0,0.0,0.0,0.0,,0.0,,0.0,11
vue,Line_CC,REFACTOR,-3.2,,-4.25,166.14,86102.99,293.43,0.18,0.26,0.27,0.33,42
vue,Line_EC,REFACTOR,1.0,,1.0,0.0,0.0,0.0,,,,,42
vue,Line_CC,TESTING,0.97,,0.96,423.65,578323.71,760.48,0.27,0.18,0.33,0.25,57
vue,Line_EC,TESTING,0.35,,0.24,6.93,720.51,26.84,0.0,0.67,0.0,0.67,57
vue,Line_CC,FEATURE,0.63,,0.38,349.6,555988.21,745.65,0.17,0.17,0.67,0.42,24
vue,Line_EC,FEATURE,1.0,,1.0,0.0,0.0,0.0,,,,,24
vue,Line_CC,UPGRADE,-11115.15,,11117.15,601.86,711433.8,843.47,0.5,0.12,0.5,0.12,8
vue,Line_EC,UPGRADE,1.0,,1.0,0.0,0.0,0.0,,,,,8
vue,Line_CC,RELEASE,0.82,,0.81,252.22,406962.43,637.94,0.11,0.23,0.36,0.32,111
vue,Line_EC,RELEASE,1.0,,1.0,0.0,0.0,0.0,,,,,111
vue,Line_CC,SUPPORT,0.88,,0.85,102.88,20558.06,143.38,0.36,0.32,0.45,0.44,41
vue,Line_EC,SUPPORT,1.0,,1.0,0.0,0.0,0.0,,,,,41
vue,Line_CC,OTHER,0.66,,0.64,7271.67,140785194.86,11865.29,0.24,0.12,0.33,0.19,129
vue,Line_EC,OTHER,-7.81,,-8.4,18.94,3881.05,62.3,0.0,0.0,0.0,0.0,129
home-assistant,Line_CC,BUG,0.23,,0.21,151.35,137964.86,371.44,0.15,0.18,0.33,0.33,291
home-assistant,Line_EC,BUG,-0.25,,-0.29,747.53,11792983.8,3434.09,0.27,0.2,0.4,0.36,291
home-assistant,Line_CC,DOCS,-0.23,,-0.64,88.7,13065.98,114.31,0.0,0.12,0.11,0.12,34
home-assistant,Line_EC,DOCS,-0.36,,-0.81,1194.69,2735091.86,1653.81,0.0,0.06,0.17,0.18,34
home-assistant,Line_CC,REFACTOR,0.23,,0.08,470.57,427665.09,653.96,0.15,0.22,0.38,0.41,49
home-assistant,Line_EC,REFACTOR,0.29,,0.15,5002.38,191316449.34,13831.72,0.0,0.0,0.0,0.09,49
home-assistant,Line_CC,TESTING,-5.29,,-5.92,890.73,2296867.45,1515.54,0.09,0.11,0.22,0.2,91
home-assistant,Line_EC,TESTING,-6.95,,-7.75,7006.56,301079393.36,17351.64,0.08,0.0,0.08,0.13,91
home-assistant,Line_CC,FEATURE,-2.71,,-3.64,223.16,80976.03,284.56,0.09,0.07,0.18,0.24,42
home-assistant,Line_EC,FEATURE,-39.87,,-50.09,1060.58,6279871.95,2505.97,0.0,0.17,0.0,0.33,42
home-assistant,Line_CC,UPGRADE,-2.82,,-3.13,82.45,20879.7,144.5,0.29,0.23,0.46,0.5,111
home-assistant,Line_EC,UPGRADE,-1.95,,-2.19,547.63,1464089.67,1210.0,0.24,0.14,0.35,0.31,111
home-assistant,Line_CC,RELEASE,-3.78,,-4.2,0.56,1.48,1.22,0.0,0.03,0.0,0.07,101
home-assistant,Line_EC,RELEASE,1.0,,1.0,0.0,0.0,0.0,,0.0,,0.0,101
home-assistant,Line_CC,SUPPORT,0.47,,0.42,669.01,995201.12,997.6,0.23,0.32,0.58,0.5,104
home-assistant,Line_EC,SUPPORT,0.62,,0.59,983.38,5567284.92,2359.51,0.33,0.18,0.56,0.36,104
home-assistant,Line_CC,OTHER,0.85,,0.85,668.97,2194290.8,1481.31,0.2,0.18,0.32,0.38,368
home-assistant,Line_EC,OTHER,0.54,,0.53,6772.82,421053346.89,20519.58,0.24,0.2,0.29,0.37,368
tensorflow,Line_CC,BUG,0.09,,-0.01,12680.35,2902369786.88,53873.65,0.29,0.15,0.48,0.3,84
tensorflow,Line_EC,BUG,0.03,,-0.08,13569.74,3015841987.66,54916.68,0.29,0.22,0.35,0.32,84
tensorflow,Line_CC,DOCS,0.4,,0.27,1991.3,11259278.73,3355.48,0.25,0.13,0.42,0.32,47
tensorflow,Line_EC,DOCS,-6.98,,-8.75,4758.4,112288619.09,10596.63,0.25,0.2,0.25,0.29,47
tensorflow,Line_CC,REFACTOR,0.54,,0.39,2672.79,10721629.8,3274.39,0.22,0.43,0.67,0.69,35
tensorflow,Line_EC,REFACTOR,0.24,,-0.01,3202.65,17767028.47,4215.1,0.22,0.43,0.67,0.71,35
tensorflow,Line_CC,TESTING,0.56,,0.49,3540.68,31036536.54,5571.04,0.07,0.14,0.27,0.29,59
tensorflow,Line_EC,TESTING,-1.1,,-1.45,6463.85,161080413.99,12691.75,0.27,0.19,0.36,0.35,59
tensorflow,Line_CC,FEATURE,-0.43,,-0.91,2601.29,10080510.9,3174.98,0.11,0.2,0.33,0.49,35
tensorflow,Line_EC,FEATURE,-11.19,,-15.25,4956.22,33787386.73,5812.69,0.0,0.17,0.11,0.4,35
tensorflow,Line_CC,UPGRADE,0.29,,0.16,165.97,70313.7,265.17,0.14,0.15,0.29,0.26,53
tensorflow,Line_EC,UPGRADE,0.69,,0.63,118.58,31886.99,178.57,0.2,0.16,0.7,0.23,53
tensorflow,Line_CC,RELEASE,0.51,,0.44,7885.17,390622345.17,19764.17,0.12,0.09,0.29,0.22,65
tensorflow,Line_EC,RELEASE,-44.1,,-50.54,6118.93,238702453.64,15450.0,0.08,0.02,0.08,0.11,65
tensorflow,Line_CC,SUPPORT,0.86,,0.82,4820.26,93113485.38,9649.53,0.64,0.57,0.82,0.71,42
tensorflow,Line_EC,SUPPORT,0.87,,0.84,4324.53,84998734.45,9219.48,0.64,0.38,0.73,0.62,42
tensorflow,Line_CC,OTHER,0.39,,0.33,69663.62,22776108202.94,150917.55,0.17,0.19,0.43,0.38,90
tensorflow,Line_EC,OTHER,0.23,,0.15,197846.57,182312548692.81,426980.74,0.04,0.04,0.09,0.12,90
moby,Line_CC,BUG,0.51,,0.35,70.66,18721.01,136.82,0.44,0.38,0.44,0.5,34
moby,Line_EC,BUG,-0.1,,-0.47,62.49,27010.01,164.35,0.0,0.0,0.0,0.0,34
moby,Line_CC,DOCS,0.97,,0.95,3.45,45.88,6.77,0.25,0.0,0.25,0.0,22
moby,Line_EC,DOCS,1.0,,1.0,0.0,0.0,0.0,,,,,22
moby,Line_CC,REFACTOR,0.0,,-0.67,55.82,11942.26,109.28,0.0,0.22,0.0,0.26,23
moby,Line_EC,REFACTOR,1.0,,1.0,0.0,0.0,0.0,,,,,23
moby,Line_CC,TESTING,0.71,,0.59,1407.56,3866069.03,1966.23,0.12,0.13,0.62,0.4,30
moby,Line_EC,TESTING,0.63,,0.48,234.03,67961.45,260.69,0.62,0.23,0.62,0.37,30
moby,Line_CC,FEATURE,1.0,,1.0,0.0,0.0,0.0,,,,,14
moby,Line_EC,FEATURE,1.0,,1.0,0.0,0.0,0.0,,,,,14
moby,Line_CC,UPGRADE,0.0,,-0.67,1.99,18.89,4.35,0.0,0.0,0.0,0.17,21
moby,Line_EC,UPGRADE,1.0,,1.0,0.0,0.0,0.0,,,,,21
gitlabhq,Line_CC,BUG,0.46,,0.45,978.92,7917793.81,2813.86,0.36,0.25,0.54,0.46,797
gitlabhq,Line_EC,BUG,0.65,,0.65,444.07,1517527.96,1231.88,0.4,0.23,0.61,0.46,797
gitlabhq,Line_CC,DOCS,0.82,,0.82,358.71,396291.17,629.52,0.44,0.26,0.53,0.43,531
gitlabhq,Line_EC,DOCS,0.71,,0.71,138.17,62851.5,250.7,0.37,0.22,0.54,0.4,531
gitlabhq,Line_CC,REFACTOR,-0.1,,-0.13,1013.09,5491082.71,2343.31,0.31,0.18,0.45,0.37,352
gitlabhq,Line_EC,REFACTOR,0.0,,-0.02,735.54,4235043.12,2057.92,0.25,0.12,0.42,0.29,352
gitlabhq,Line_CC,TESTING,-4.06,,-4.15,1319.02,19920154.26,4463.2,0.29,0.2,0.52,0.35,445
gitlabhq,Line_EC,TESTING,0.5,,0.49,474.41,1670783.07,1292.59,0.34,0.19,0.53,0.36,445
gitlabhq,Line_CC,FEATURE,-0.02,,-0.04,764.8,2345432.84,1531.48,0.26,0.13,0.35,0.24,447
gitlabhq,Line_EC,FEATURE,0.49,,0.48,226.53,333310.28,577.33,0.28,0.14,0.41,0.25,447
gitlabhq,Line_CC,UPGRADE,0.17,,0.15,1185.48,9549277.63,3090.19,0.13,0.12,0.23,0.24,361
gitlabhq,Line_EC,UPGRADE,0.36,,0.35,928.23,6922017.14,2630.97,0.11,0.08,0.22,0.19,361
gitlabhq,Line_CC,RELEASE,0.09,,0.06,86.51,63819.36,252.62,0.18,0.16,0.36,0.23,265
gitlabhq,Line_EC,RELEASE,0.63,,0.62,47.2,25037.26,158.23,0.24,0.1,0.41,0.22,265
gitlabhq,Line_CC,SUPPORT,0.27,,0.25,482.21,1503629.69,1226.23,0.27,0.15,0.36,0.31,331
gitlabhq,Line_EC,SUPPORT,0.89,,0.89,219.5,208791.6,456.94,0.26,0.16,0.43,0.38,331
gitlabhq,Line_CC,OTHER,0.28,,0.27,12988.94,830730561.95,28822.4,0.26,0.19,0.44,0.33,887
gitlabhq,Line_EC,OTHER,0.18,,0.17,12695.96,1047978954.52,32372.5,0.27,0.21,0.42,0.37,887
orleans,Line_CC,BUG,0.99,,0.99,231.58,123753.91,351.79,0.33,0.26,0.38,0.41,81
orleans,Line_EC,BUG,0.92,,0.91,17.25,2508.15,50.08,0.5,0.29,0.5,0.36,81
orleans,Line_CC,DOCS,0.54,,0.08,74.94,14137.13,118.9,0.4,0.2,0.4,0.25,20
orleans,Line_EC,DOCS,1.0,,1.0,0.0,0.0,0.0,,0.0,,1.0,20
orleans,Line_CC,REFACTOR,0.1,,-1.7,671.14,528967.99,727.3,0.0,0.33,0.25,0.4,15
orleans,Line_EC,REFACTOR,1.0,,1.0,0.0,0.0,0.0,,,,,15
orleans,Line_CC,TESTING,0.81,,0.78,1073.32,3127567.46,1768.49,0.18,0.26,0.18,0.34,65
orleans,Line_EC,TESTING,0.71,,0.67,10.57,730.53,27.03,0.25,0.18,0.25,0.36,65
orleans,Line_CC,FEATURE,0.14,,-0.72,685.78,940159.79,969.62,0.2,0.22,0.2,0.33,18
orleans,Line_EC,FEATURE,1.0,,1.0,0.0,0.0,0.0,,,,,18
orleans,Line_CC,UPGRADE,0.64,,0.28,169.03,68341.08,261.42,0.6,0.65,1.0,0.7,20
orleans,Line_EC,UPGRADE,1.0,,1.0,0.0,0.0,0.0,,,,,20
orleans,Line_CC,RELEASE,0.84,,0.76,11.21,310.73,17.63,0.57,0.5,0.57,0.58,26
orleans,Line_EC,RELEASE,1.0,,1.0,0.0,0.0,0.0,,,,,26
orleans,Line_CC,SUPPORT,0.98,,0.98,233.37,149846.36,387.1,0.46,0.38,0.54,0.48,50
orleans,Line_EC,SUPPORT,-0.08,,-0.3,113.77,168264.69,410.2,0.0,0.0,0.0,0.0,50
orleans,Line_CC,OTHER,-1.33,,-1.56,18238.19,1343931030.93,36659.66,0.17,0.21,0.35,0.36,90
orleans,Line_EC,OTHER,-0.96,,-1.16,971.68,8935883.63,2989.29,0.0,0.06,0.1,0.12,90
roslyn,Line_CC,BUG,0.09,,-0.08,10039.93,542205347.72,23285.3,0.07,0.13,0.29,0.27,55
roslyn,Line_EC,BUG,0.81,,0.78,12204.51,666204565.76,25810.94,0.18,0.19,0.27,0.33,55
roslyn,Line_CC,DOCS,0.25,,-0.12,141.69,53342.23,230.96,0.14,0.11,0.29,0.39,28
roslyn,Line_EC,DOCS,-11.82,,-18.23,1156.57,3617946.84,1902.09,0.0,0.0,0.0,0.0,28
roslyn,Line_CC,REFACTOR,-0.23,,-0.64,3540.24,38343138.47,6192.18,0.22,0.09,0.44,0.26,35
roslyn,Line_EC,REFACTOR,0.06,,-0.25,27174.66,5229944708.99,72318.36,0.0,0.05,0.2,0.16,35
roslyn,Line_CC,TESTING,0.14,,-0.05,13808.47,260980667.97,16154.9,0.08,0.11,0.17,0.31,45
roslyn,Line_EC,TESTING,-8.89,,-11.09,137892.24,73225762294.41,270602.59,0.11,0.13,0.22,0.35,45
roslyn,Line_CC,FEATURE,-50.94,,-68.25,7419.4,219447735.34,14813.77,0.33,0.12,0.33,0.27,33
roslyn,Line_EC,FEATURE,-0.06,,-0.41,20032.62,1041032808.66,32265.04,0.17,0.17,0.17,0.33,33
roslyn,Line_CC,UPGRADE,-4.67,,-6.94,445.87,297475.5,545.41,0.0,0.1,0.0,0.13,30
roslyn,Line_EC,UPGRADE,-3.92,,-5.89,3371.69,42999350.4,6557.39,0.0,0.14,0.0,0.14,30
roslyn,Line_CC,RELEASE,-101.69,,-142.77,198.36,70827.87,266.14,0.12,0.14,0.38,0.17,29
roslyn,Line_EC,RELEASE,-109.34,,-153.48,182.44,106812.35,326.82,0.0,0.09,0.0,0.09,29
roslyn,Line_CC,SUPPORT,-1.67,,-2.34,12667.65,462157349.28,21497.85,0.36,0.15,0.36,0.24,41
roslyn,Line_EC,SUPPORT,-12.4,,-15.75,246264.64,178460652014.62,422446.03,0.0,0.06,0.0,0.12,41
roslyn,Line_CC,OTHER,-3.65,,-4.37,66274.08,22854931188.36,151178.47,0.19,0.2,0.25,0.33,61
roslyn,Line_EC,OTHER,0.56,,0.49,56542.32,18866730434.4,137356.22,0.08,0.09,0.31,0.25,61
ansible,Line_CC,BUG,0.93,,0.93,2431.18,37064008.55,6088.02,0.47,0.33,0.6,0.43,246
ansible,Line_EC,BUG,0.99,,0.99,7606.73,375002582.98,19364.98,0.62,0.43,0.73,0.62,246
ansible,Line_CC,DOCS,0.59,,0.57,3579.57,52102699.41,7218.22,0.49,0.33,0.6,0.44,180
ansible,Line_EC,DOCS,0.57,,0.55,28156.39,13567937764.14,116481.49,0.68,0.51,0.77,0.6,180
ansible,Line_CC,REFACTOR,0.94,,0.94,495.07,2308717.6,1519.45,0.77,0.63,0.81,0.75,122
ansible,Line_EC,REFACTOR,1.0,,1.0,940.56,6564380.48,2562.1,0.56,0.5,0.75,0.57,122
ansible,Line_CC,TESTING,0.83,,0.82,3422.0,72418212.77,8509.89,0.44,0.28,0.59,0.47,214
ansible,Line_EC,TESTING,0.88,,0.88,17104.1,3053683086.66,55260.14,0.69,0.53,0.88,0.66,214
ansible,Line_CC,FEATURE,0.85,,0.84,465.45,587689.29,766.61,0.61,0.39,0.74,0.56,125
ansible,Line_EC,FEATURE,0.95,,0.95,3742.01,57429027.82,7578.19,0.73,0.61,0.82,0.78,125
ansible,Line_CC,UPGRADE,0.81,,0.8,132.48,51884.58,227.78,0.44,0.4,0.64,0.64,154
ansible,Line_EC,UPGRADE,0.9,,0.89,266.4,1092281.33,1045.12,0.64,0.57,0.68,0.66,154
ansible,Line_CC,RELEASE,0.65,,0.64,233.96,211264.33,459.63,0.4,0.18,0.48,0.31,251
ansible,Line_EC,RELEASE,0.94,,0.94,12.27,4298.14,65.56,0.85,0.56,0.85,0.75,251
ansible,Line_CC,SUPPORT,0.98,,0.98,390.84,622371.37,788.91,0.59,0.47,0.74,0.66,182
ansible,Line_EC,SUPPORT,1.0,,1.0,663.72,4753927.5,2180.35,0.9,0.65,0.9,0.82,182
ansible,Line_CC,OTHER,0.88,,0.88,15888.94,1549742442.01,39366.77,0.37,0.29,0.52,0.45,266
ansible,Line_EC,OTHER,0.95,,0.95,53946.4,33129563881.61,182015.28,0.59,0.54,0.63,0.6,266
cli,Line_CC,BUG,0.38,,0.13,310.09,119885.56,346.24,0.12,0.12,0.38,0.34,32
cli,Line_EC,BUG,0.71,,0.59,128.19,40434.35,201.08,0.0,0.14,0.4,0.23,32
cli,Line_CC,DOCS,-56.12,,-56.12,193.94,42191.78,205.41,0.0,0.0,0.0,0.18,11
cli,Line_EC,DOCS,-67.93,,-67.93,13.58,551.44,23.48,0.0,0.0,0.0,0.1,11
cli,Line_CC,REFACTOR,-1.74,,-3.11,2376.93,5909163.39,2430.88,0.0,0.2,0.0,0.4,25
cli,Line_EC,REFACTOR,0.04,,-0.44,402.95,325082.38,570.16,0.4,0.29,0.4,0.36,25
cli,Line_CC,TESTING,-0.13,,-0.51,100904.11,85349126457.76,292145.73,0.11,0.06,0.44,0.12,33
cli,Line_EC,TESTING,0.0,,-0.33,2236.51,36083422.89,6006.95,0.0,0.05,0.0,0.11,33
cli,Line_CC,FEATURE,-0.18,,-0.18,1011.25,3029631.74,1740.58,0.33,0.1,0.33,0.1,10
cli,Line_EC,FEATURE,-0.11,,-0.11,1089.62,3561844.29,1887.28,0.0,0.33,0.0,0.33,10
cli,Line_CC,UPGRADE,-0.88,,-2.13,474.88,546730.76,739.41,0.17,0.1,0.17,0.14,21
cli,Line_EC,UPGRADE,-224.79,,-375.32,3430.14,70476533.66,8395.03,0.0,0.0,0.0,0.0,21
cli,Line_CC,RELEASE,-14.15,,-44.45,162.11,33314.29,182.52,0.0,0.08,0.0,0.23,13
cli,Line_EC,RELEASE,0.28,,-1.16,40.68,4012.31,63.34,0.0,0.0,0.5,0.5,13
cli,Line_CC,SUPPORT,-0.33,,-1.22,1154.27,1686109.82,1298.5,0.0,0.19,0.17,0.33,21
cli,Line_EC,SUPPORT,-5.58,,-9.97,211.17,143944.05,379.4,0.0,0.2,0.0,0.2,21
cli,Line_CC,OTHER,-19.84,,-26.79,155419.54,94330960271.83,307133.46,0.33,0.17,0.33,0.28,36
cli,Line_EC,OTHER,0.19,,-0.08,7490.27,373893255.97,19336.32,0.22,0.03,0.22,0.14,36
nova,Line_CC,BUG,0.22,,0.19,9777.14,616127112.97,24821.91,0.41,0.34,0.53,0.48,204
nova,Line_EC,BUG,0.31,,0.28,26654.31,4417388693.18,66463.44,0.35,0.28,0.53,0.47,204
nova,Line_CC,DOCS,0.71,,0.69,1120.79,3423597.05,1850.3,0.4,0.14,0.57,0.32,139
nova,Line_EC,DOCS,0.55,,0.52,3488.25,34404462.39,5865.53,0.29,0.19,0.46,0.3,139
nova,Line_CC,REFACTOR,0.66,,0.64,863.7,2212658.02,1487.5,0.45,0.41,0.76,0.69,132
nova,Line_EC,REFACTOR,0.44,,0.4,1761.51,17641000.7,4200.12,0.52,0.41,0.76,0.59,132
nova,Line_CC,TESTING,0.73,,0.72,4567.31,78811163.3,8877.57,0.35,0.23,0.58,0.44,190
nova,Line_EC,TESTING,0.71,,0.7,6126.95,134199946.14,11584.47,0.5,0.28,0.58,0.41,190
nova,Line_CC,FEATURE,0.65,,0.62,172.95,99451.43,315.36,0.42,0.4,0.71,0.63,94
nova,Line_EC,FEATURE,-0.02,,-0.12,426.75,721478.79,849.4,0.42,0.39,0.5,0.5,94
nova,Line_CC,UPGRADE,0.76,,0.74,434.45,555929.82,745.61,0.32,0.2,0.52,0.3,98
nova,Line_EC,UPGRADE,0.8,,0.78,991.62,3306278.91,1818.32,0.4,0.18,0.56,0.37,98
nova,Line_CC,RELEASE,0.63,,0.61,500.88,1497970.11,1223.92,0.31,0.25,0.5,0.44,144
nova,Line_EC,RELEASE,0.78,,0.77,1104.21,7205133.92,2684.24,0.36,0.29,0.56,0.44,144
nova,Line_CC,SUPPORT,0.56,,0.54,1961.51,16212311.14,4026.45,0.33,0.27,0.54,0.51,154
nova,Line_EC,SUPPORT,-1.37,,-1.5,6862.68,305176576.0,17469.3,0.28,0.28,0.51,0.47,154
nova,Line_CC,OTHER,0.21,,0.18,359950.12,951588072126.15,975493.76,0.17,0.13,0.33,0.25,207
nova,Line_EC,OTHER,0.65,,0.64,179406.09,224790876983.71,474121.16,0.29,0.26,0.44,0.37,207
angular.js,Line_CC,BUG,0.78,,0.77,4978.35,121188574.7,11008.57,0.24,0.22,0.41,0.5,196
angular.js,Line_EC,BUG,0.3,,0.27,3780.35,118353475.95,10879.04,0.23,0.19,0.4,0.32,196
angular.js,Line_CC,DOCS,0.33,,0.3,13479.35,1766206801.5,42026.26,0.21,0.15,0.27,0.25,191
angular.js,Line_EC,DOCS,-0.05,,-0.1,9150.51,1385102481.32,37216.96,0.26,0.18,0.45,0.31,191
angular.js,Line_CC,REFACTOR,0.46,,0.43,5147.96,122244561.22,11056.43,0.23,0.2,0.44,0.31,153
angular.js,Line_EC,REFACTOR,0.88,,0.87,407.24,1241606.81,1114.27,0.44,0.2,0.48,0.25,153
angular.js,Line_CC,TESTING,0.71,,0.69,1926.65,9664832.67,3108.83,0.28,0.15,0.48,0.33,158
angular.js,Line_EC,TESTING,0.4,,0.37,269.32,272571.87,522.08,0.28,0.14,0.36,0.31,158
angular.js,Line_CC,FEATURE,0.56,,0.53,4087.47,58038744.19,7618.32,0.29,0.26,0.39,0.41,152
angular.js,Line_EC,FEATURE,0.96,,0.96,380.05,649207.24,805.73,0.23,0.37,0.46,0.48,152
angular.js,Line_CC,UPGRADE,0.1,,0.0,9632.43,255293645.62,15977.91,0.19,0.13,0.29,0.17,84
angular.js,Line_EC,UPGRADE,0.42,,0.36,180.47,115464.59,339.8,0.07,0.15,0.27,0.19,84
angular.js,Line_CC,RELEASE,0.55,,0.52,105.32,37021.25,192.41,0.25,0.27,0.38,0.35,126
angular.js,Line_EC,RELEASE,-3.27,,-3.56,1.9,37.48,6.12,0.44,0.56,0.67,0.69,126
angular.js,Line_CC,SUPPORT,0.06,,-0.17,70.53,11514.55,107.31,0.18,0.24,0.27,0.46,41
angular.js,Line_EC,SUPPORT,1.0,,1.0,0.04,0.0,0.06,1.0,0.8,1.0,0.8,41
angular.js,Line_CC,OTHER,0.58,,0.56,12033.32,441558728.05,21013.3,0.24,0.17,0.41,0.29,182
angular.js,Line_EC,OTHER,0.46,,0.43,3564.6,128539967.52,11337.55,0.17,0.16,0.43,0.27,182
lock,Line_CC,BUG,0.97,,0.97,145.99,50404.87,224.51,0.14,0.12,0.19,0.2,168
lock,Line_EC,BUG,-0.26,,-0.32,906.03,6498482.23,2549.21,0.14,0.11,0.31,0.2,168
lock,Line_CC,DOCS,0.0,,2.0,6.91,47.7,6.91,1.0,0.62,1.0,0.62,8
lock,Line_EC,DOCS,0.0,,2.0,0.77,0.6,0.77,1.0,0.62,1.0,0.75,8
lock,Line_CC,REFACTOR,0.0,,2.0,5.91,49.16,7.01,0.5,0.6,1.0,0.6,5
lock,Line_EC,REFACTOR,1.0,,1.0,0.0,0.0,0.0,,,,,5
lock,Line_CC,TESTING,0.97,,0.96,786.47,1407642.32,1186.44,0.29,0.17,0.36,0.2,54
lock,Line_EC,TESTING,-1091.76,,-1290.44,8421.79,486242940.01,22050.92,0.5,0.31,0.5,0.38,54
lock,Line_CC,FEATURE,-15.44,,-26.4,250.94,220825.78,469.92,0.0,0.0,0.0,0.0,21
lock,Line_EC,FEATURE,-15.05,,-25.75,8190.26,104340132.32,10214.7,0.0,0.0,0.0,0.0,21
lock,Line_CC,UPGRADE,-18838.44,,-26374.22,358.6,381204.33,617.42,0.12,0.24,0.38,0.34,29
lock,Line_EC,UPGRADE,-7450.3,,-10430.82,9955.01,210018060.58,14492.0,0.0,0.1,0.0,0.1,29
lock,Line_CC,RELEASE,0.97,,0.97,47.11,13760.62,117.31,0.32,0.2,0.47,0.35,239
lock,Line_EC,RELEASE,0.27,,0.24,140.57,129937.51,360.47,0.26,0.31,0.47,0.44,239
lock,Line_CC,SUPPORT,-306.46,,-362.36,393.56,1603938.18,1266.47,0.14,0.22,0.14,0.28,54
lock,Line_EC,SUPPORT,-225.07,,-266.17,361.3,1036521.87,1018.1,0.4,0.26,0.4,0.47,54
lock,Line_CC,OTHER,0.96,,0.96,702.9,2668157.41,1633.45,0.09,0.1,0.33,0.18,220
lock,Line_EC,OTHER,-0.52,,-0.58,4347.71,131266320.41,11457.15,0.1,0.07,0.17,0.18,220
kubernetes,Line_CC,BUG,0.44,,0.42,2172.89,24756586.72,4975.6,0.14,0.14,0.38,0.29,307
kubernetes,Line_EC,BUG,-0.1,,-0.13,24243.22,4092421852.7,63972.04,0.08,0.07,0.16,0.12,307
kubernetes,Line_CC,DOCS,0.12,,0.08,14902.9,412611362.37,20312.84,0.12,0.09,0.27,0.2,204
kubernetes,Line_EC,DOCS,0.8,,0.79,3899.29,47659812.26,6903.61,0.23,0.16,0.36,0.27,204
kubernetes,Line_CC,REFACTOR,0.31,,0.27,3795.93,53932248.75,7343.86,0.22,0.17,0.42,0.33,159
kubernetes,Line_EC,REFACTOR,0.26,,0.22,1398.93,4404112.15,2098.6,0.19,0.12,0.25,0.25,159
kubernetes,Line_CC,TESTING,0.27,,0.25,18200.6,3798934956.47,61635.5,0.21,0.21,0.38,0.37,262
kubernetes,Line_EC,TESTING,0.5,,0.48,20674.98,4134590285.57,64300.78,0.17,0.14,0.3,0.25,262
kubernetes,Line_CC,FEATURE,0.3,,0.26,427.29,495115.76,703.64,0.14,0.12,0.31,0.21,142
kubernetes,Line_EC,FEATURE,0.37,,0.33,286.69,360906.16,600.75,0.17,0.06,0.26,0.17,142
kubernetes,Line_CC,UPGRADE,0.18,,0.15,4662.21,123813453.93,11127.15,0.18,0.11,0.32,0.21,225
kubernetes,Line_EC,UPGRADE,0.5,,0.48,3714.84,77639301.76,8811.32,0.26,0.14,0.39,0.21,225
kubernetes,Line_CC,RELEASE,0.11,,0.09,22021.64,2069723198.17,45494.21,0.04,0.01,0.07,0.02,304
kubernetes,Line_EC,RELEASE,0.19,,0.17,15393.86,1434131166.18,37869.92,0.03,0.01,0.11,0.03,304
kubernetes,Line_CC,SUPPORT,0.03,,-0.01,10901.16,999530299.16,31615.35,0.11,0.16,0.24,0.27,219
kubernetes,Line_EC,SUPPORT,0.37,,0.35,39175.05,11891260954.17,109047.06,0.18,0.1,0.23,0.21,219
kubernetes,Line_CC,OTHER,0.72,,0.72,36667.83,5618657448.63,74957.7,0.14,0.16,0.3,0.28,471
kubernetes,Line_EC,OTHER,0.21,,0.2,106934.09,98281587905.12,313498.94,0.15,0.09,0.29,0.21,471
mesos,Line_CC,BUG,0.92,,0.91,434.55,646478.41,804.04,0.63,0.48,0.81,0.79,105
mesos,Line_EC,BUG,0.75,,0.73,446.78,1077909.83,1038.22,0.45,0.42,0.85,0.69,105
mesos,Line_CC,DOCS,0.77,,0.74,707.23,4276084.04,2067.87,0.53,0.37,0.63,0.53,76
mesos,Line_EC,DOCS,0.63,,0.58,887.12,3995442.92,1998.86,0.37,0.31,0.58,0.45,76
mesos,Line_CC,REFACTOR,0.75,,0.72,934.57,3232044.78,1797.79,0.44,0.42,0.61,0.59,71
mesos,Line_EC,REFACTOR,0.75,,0.72,528.02,1986565.61,1409.46,0.64,0.49,0.93,0.71,71
mesos,Line_CC,TESTING,0.84,,0.82,2423.81,27177791.71,5213.23,0.48,0.45,0.74,0.62,89
mesos,Line_EC,TESTING,0.73,,0.7,1892.28,19800139.32,4449.73,0.39,0.4,0.78,0.73,89
mesos,Line_CC,FEATURE,-4.45,,-6.01,37.82,3494.77,59.12,0.5,0.57,0.5,0.59,37
mesos,Line_EC,FEATURE,0.99,,0.99,2.55,17.85,4.22,0.57,0.67,0.86,0.83,37
mesos,Line_CC,UPGRADE,0.12,,0.0,4220.69,78672502.44,8869.75,0.17,0.11,0.39,0.25,71
mesos,Line_EC,UPGRADE,-0.01,,-0.14,4348.31,90245121.4,9499.74,0.44,0.18,0.5,0.27,71
mesos,Line_CC,RELEASE,0.76,,0.73,245.53,82172.14,286.66,0.26,0.16,0.58,0.38,73
mesos,Line_EC,RELEASE,0.49,,0.43,281.74,152696.14,390.76,0.32,0.21,0.58,0.43,73
mesos,Line_CC,SUPPORT,0.77,,0.74,719.27,1735854.39,1317.52,0.53,0.34,0.63,0.7,74
mesos,Line_EC,SUPPORT,0.44,,0.37,564.73,1473366.48,1213.82,0.5,0.32,0.69,0.61,74
mesos,Line_CC,OTHER,0.93,,0.92,6530.17,165977193.92,12883.21,0.46,0.39,0.61,0.6,109
mesos,Line_EC,OTHER,0.89,,0.88,4385.43,55685649.51,7462.28,0.4,0.35,0.52,0.55,109
Odin,Line_CC,BUG,-5.0,,7.0,1213.26,1766314.17,1329.03,0.0,0.0,0.5,0.33,6
Odin,Line_EC,BUG,-2.02,,4.02,159.04,37837.72,194.52,0.5,0.17,0.5,0.17,6
nixpkgs,Line_CC,BUG,0.84,,0.79,1477.07,3876482.38,1968.88,0.2,0.27,0.7,0.49,37
nixpkgs,Line_EC,BUG,0.12,,-0.13,3098.35,83694857.29,9148.49,0.1,0.08,0.4,0.32,37
nixpkgs,Line_CC,DOCS,-0.3,,-0.95,1401.5,10265766.26,3204.02,0.14,0.04,0.43,0.2,25
nixpkgs,Line_EC,DOCS,-0.1,,-0.65,658.1,2456896.83,1567.45,0.0,0.07,0.4,0.21,25
nixpkgs,Line_CC,REFACTOR,0.27,,-0.46,2336.71,23519282.05,4849.67,0.2,0.06,0.2,0.11,18
nixpkgs,Line_EC,REFACTOR,-0.36,,-1.72,548.05,920076.74,959.21,0.4,0.11,0.4,0.17,18
nixpkgs,Line_CC,TESTING,-0.24,,-0.65,3299.54,36788836.61,6065.38,0.0,0.09,0.11,0.21,33
nixpkgs,Line_EC,TESTING,0.5,,0.33,282.8,286647.68,535.39,0.0,0.14,0.33,0.29,33
nixpkgs,Line_CC,FEATURE,-18425.64,,-27638.96,19991.85,1361190548.18,36894.32,0.0,0.08,0.0,0.12,25
nixpkgs,Line_EC,FEATURE,-3.1,,-5.15,2.48,24.6,4.96,0.0,0.1,0.0,0.1,25
nixpkgs,Line_CC,UPGRADE,-8.01,,-11.01,969.52,2423105.34,1556.63,0.0,0.19,0.11,0.31,36
nixpkgs,Line_EC,UPGRADE,0.55,,0.4,77.1,48638.17,220.54,0.33,0.06,0.33,0.25,36
nixpkgs,Line_CC,RELEASE,-0.19,,-0.67,159.17,49474.82,222.43,0.25,0.19,0.75,0.47,32
nixpkgs,Line_EC,RELEASE,-0.13,,-0.58,35.14,6948.42,83.36,0.0,0.0,0.0,0.05,32
nixpkgs,Line_CC,SUPPORT,0.81,,0.75,245.82,283828.0,532.76,0.56,0.21,0.78,0.5,34
nixpkgs,Line_EC,SUPPORT,0.7,,0.6,226.94,234577.37,484.33,0.17,0.2,0.5,0.35,34
nixpkgs,Line_CC,OTHER,0.71,,0.63,26698.63,1424342657.54,37740.46,0.3,0.29,0.4,0.42,38
nixpkgs,Line_EC,OTHER,0.38,,0.2,8955.67,402015394.23,20050.32,0.1,0.24,0.2,0.34,38
react,Line_CC,BUG,-8.14,,-8.97,6938.87,494779864.11,22243.65,0.08,0.09,0.16,0.19,98
react,Line_EC,BUG,-6.49,,-7.17,63791.81,27252999642.7,165084.83,0.15,0.11,0.23,0.18,98
react,Line_CC,DOCS,-11.29,,-13.05,8070.22,178006527.43,13341.91,0.06,0.06,0.12,0.14,66
react,Line_EC,DOCS,-1335.56,,-1526.5,43379.4,19960118214.69,141280.28,0.5,0.22,0.5,0.22,66
react,Line_CC,REFACTOR,0.07,,-0.4,631.03,1147373.6,1071.16,0.14,0.08,0.29,0.16,25
react,Line_EC,REFACTOR,0.12,,-0.32,12488.1,576555418.02,24011.57,0.0,0.0,0.0,0.0,25
react,Line_CC,TESTING,0.45,,0.37,6458.52,301867367.85,17374.33,0.25,0.19,0.44,0.31,64
react,Line_EC,TESTING,0.22,,0.1,87494.54,62081366792.77,249161.33,0.29,0.17,0.29,0.29,64
react,Line_CC,FEATURE,-0.03,,-0.72,1856.82,16481344.18,4059.72,0.0,0.05,0.0,0.18,22
react,Line_EC,FEATURE,0.28,,-0.2,32304.34,4971653378.51,70509.95,0.0,0.18,0.0,0.18,22
react,Line_CC,UPGRADE,-0.41,,-0.88,259.6,215415.26,464.13,0.22,0.03,0.33,0.09,34
react,Line_EC,UPGRADE,0.99,,0.99,263.61,346717.52,588.83,0.5,0.43,0.5,0.57,34
react,Line_CC,RELEASE,0.27,,0.16,2211.15,19367838.37,4400.89,0.25,0.15,0.31,0.28,61
react,Line_EC,RELEASE,0.12,,-0.02,6573.07,422688504.86,20559.39,0.0,0.0,0.0,0.14,61
react,Line_CC,SUPPORT,0.16,,-0.03,1313.1,8412952.43,2900.51,0.17,0.04,0.25,0.15,47
react,Line_EC,SUPPORT,0.57,,0.47,11481.13,691246837.08,26291.57,0.29,0.08,0.43,0.33,47
react,Line_CC,OTHER,-0.21,,-0.31,11451.31,647842088.51,25452.74,0.14,0.14,0.29,0.27,111
react,Line_EC,OTHER,0.33,,0.28,37437.95,8838282335.67,94012.14,0.13,0.15,0.27,0.23,111
brew,Line_CC,BUG,0.1,,0.01,175.83,266369.11,516.11,0.14,0.06,0.18,0.15,86
brew,Line_EC,BUG,-0.05,,-0.16,1216.1,21183088.7,4602.51,0.05,0.02,0.1,0.02,86
brew,Line_CC,DOCS,-0.06,,-0.25,107.35,91864.81,303.09,0.07,0.09,0.14,0.13,55
brew,Line_EC,DOCS,-29.19,,-34.68,12.71,438.64,20.94,0.0,0.06,0.14,0.11,55
brew,Line_CC,REFACTOR,-33.64,,-50.96,55.26,6450.67,80.32,0.14,0.0,0.14,0.04,27
brew,Line_EC,REFACTOR,0.0,,-0.5,0.16,0.12,0.34,0.0,0.0,0.0,0.0,27
brew,Line_CC,TESTING,0.99,,0.99,32.58,2970.14,54.5,0.06,0.08,0.12,0.14,66
brew,Line_EC,TESTING,-0.26,,-0.44,183.47,167310.93,409.04,0.0,0.02,0.0,0.04,66
brew,Line_CC,FEATURE,1.0,,1.0,0.0,0.0,0.0,,,,,10
brew,Line_EC,FEATURE,1.0,,1.0,0.0,0.0,0.0,,,,,10
brew,Line_CC,UPGRADE,-0.12,,-0.27,6.0,93.52,9.67,0.06,0.06,0.06,0.1,71
brew,Line_EC,UPGRADE,-0.12,,-0.27,4.4,175.19,13.24,0.0,0.0,0.0,0.03,71
brew,Line_CC,RELEASE,0.0,,2.0,0.67,0.44,0.67,0.0,0.0,0.0,0.0,8
brew,Line_EC,RELEASE,1.0,,1.0,0.0,0.0,0.0,,,,,8
brew,Line_CC,SUPPORT,-0.21,,-1.42,65.67,18674.18,136.65,0.0,0.0,0.0,0.0,20
brew,Line_EC,SUPPORT,-0.25,,-1.5,0.4,0.8,0.89,0.0,0.0,0.0,0.0,20
brew,Line_CC,OTHER,-0.3,,-0.41,1702.87,15944100.42,3993.01,0.07,0.04,0.11,0.11,107
brew,Line_EC,OTHER,0.13,,0.06,1084.84,20934128.07,4575.38,0.04,0.04,0.07,0.1,107
cinder,Line_CC,BUG,-0.27,,-0.34,12875.66,763344317.97,27628.69,0.32,0.18,0.48,0.32,158
cinder,Line_EC,BUG,-0.39,,-0.47,36233.81,6817788197.4,82569.9,0.28,0.19,0.38,0.27,158
cinder,Line_CC,DOCS,0.93,,0.92,364.18,459654.17,677.98,0.43,0.44,0.62,0.59,82
cinder,Line_EC,DOCS,0.95,,0.94,582.18,910138.86,954.01,0.48,0.21,0.57,0.4,82
cinder,Line_CC,REFACTOR,0.53,,0.46,3900.34,21980074.45,4688.29,0.19,0.15,0.38,0.41,61
cinder,Line_EC,REFACTOR,0.53,,0.46,4921.8,40541175.96,6367.2,0.19,0.13,0.31,0.36,61
cinder,Line_CC,TESTING,0.81,,0.8,1642.63,6401746.44,2530.17,0.29,0.26,0.55,0.5,121
cinder,Line_EC,TESTING,0.7,,0.68,3055.44,23590727.16,4857.03,0.1,0.17,0.48,0.34,121
cinder,Line_CC,FEATURE,0.93,,0.92,374.48,200164.05,447.4,0.53,0.28,0.53,0.53,57
cinder,Line_EC,FEATURE,0.82,,0.79,489.38,538393.14,733.75,0.4,0.32,0.53,0.49,57
cinder,Line_CC,UPGRADE,-0.23,,-0.37,443.79,655725.93,809.77,0.35,0.18,0.4,0.3,80
cinder,Line_EC,UPGRADE,0.76,,0.73,168.2,53907.59,232.18,0.25,0.3,0.45,0.42,80
cinder,Line_CC,RELEASE,0.46,,0.4,360.28,298444.14,546.3,0.2,0.2,0.4,0.36,80
cinder,Line_EC,RELEASE,0.6,,0.55,820.84,1942597.02,1393.77,0.05,0.19,0.25,0.35,80
cinder,Line_CC,SUPPORT,0.96,,0.96,1291.98,4283166.32,2069.58,0.39,0.39,0.68,0.63,122
cinder,Line_EC,SUPPORT,0.92,,0.91,1535.35,8767643.51,2961.02,0.39,0.37,0.55,0.57,122
cinder,Line_CC,OTHER,0.09,,0.04,226591.89,311135845000.72,557795.52,0.12,0.09,0.29,0.18,161
cinder,Line_EC,OTHER,0.18,,0.14,115401.23,133745498225.09,365712.32,0.32,0.2,0.44,0.35,161
elasticsearch,Line_CC,BUG,0.94,,0.94,2709.71,53657973.42,7325.16,0.66,0.61,0.82,0.79,149
elasticsearch,Line_EC,BUG,1.0,,1.0,2691.89,59142113.4,7690.39,0.58,0.53,0.58,0.62,149
elasticsearch,Line_CC,DOCS,0.97,,0.97,3049.77,32934510.02,5738.86,0.59,0.56,0.7,0.67,148
elasticsearch,Line_EC,DOCS,0.99,,0.99,9852.81,925863909.16,30428.01,0.58,0.59,0.58,0.73,148
elasticsearch,Line_CC,REFACTOR,0.99,,0.99,851.69,3077449.49,1754.27,0.85,0.71,0.93,0.8,108
elasticsearch,Line_EC,REFACTOR,1.0,,1.0,2925.09,128117144.28,11318.88,0.69,0.67,0.77,0.72,108
elasticsearch,Line_CC,TESTING,0.96,,0.96,3118.42,58932834.04,7676.77,0.56,0.69,0.69,0.76,144
elasticsearch,Line_EC,TESTING,0.99,,0.99,18999.13,2356401482.14,48542.78,0.52,0.63,0.57,0.75,144
elasticsearch,Line_CC,FEATURE,0.81,,0.79,2584.79,18110096.13,4255.6,0.37,0.34,0.41,0.48,105
elasticsearch,Line_EC,FEATURE,0.91,,0.9,24780.48,3288403673.4,57344.6,0.43,0.63,0.43,0.63,105
elasticsearch,Line_CC,UPGRADE,0.92,,0.91,1174.6,3513267.71,1874.37,0.55,0.55,0.73,0.73,132
elasticsearch,Line_EC,UPGRADE,0.96,,0.96,8814.47,795212263.08,28199.51,0.54,0.6,0.58,0.66,132
elasticsearch,Line_CC,RELEASE,0.86,,0.85,692.15,1471982.2,1213.25,0.69,0.59,0.81,0.67,142
elasticsearch,Line_EC,RELEASE,0.89,,0.88,1626.48,20149534.36,4488.82,0.74,0.64,0.74,0.7,142
elasticsearch,Line_CC,SUPPORT,0.98,,0.98,2394.78,26584806.61,5156.05,0.55,0.68,0.73,0.76,131
elasticsearch,Line_EC,SUPPORT,0.99,,0.99,18530.02,3526812277.19,59386.97,0.62,0.65,0.62,0.72,131
elasticsearch,Line_CC,OTHER,0.94,,0.94,45832.85,10909452830.07,104448.33,0.63,0.51,0.74,0.71,150
elasticsearch,Line_EC,OTHER,1.0,,1.0,62062.91,24190783993.92,155533.87,0.68,0.56,0.85,0.64,150
cf-deployment,Line_CC,BUG,-3.84,,-4.58,160.27,99400.41,315.28,0.06,0.05,0.19,0.11,64
cf-deployment,Line_EC,BUG,-1.32,,-1.68,8.68,215.32,14.67,0.0,0.05,0.0,0.13,64
cf-deployment,Line_CC,DOCS,-36.97,,-112.91,142.51,54373.57,233.18,0.0,0.06,0.0,0.19,16
cf-deployment,Line_EC,DOCS,-0.84,,-4.52,33.92,1493.18,38.64,0.25,0.08,0.75,0.15,16
cf-deployment,Line_CC,REFACTOR,-412.28,,414.28,268.78,75319.52,274.44,0.0,0.4,0.0,0.4,5
cf-deployment,Line_EC,REFACTOR,-29.64,,31.64,73.5,5584.5,74.73,0.0,0.0,0.0,0.0,5
cf-deployment,Line_CC,TESTING,-0.06,,-0.18,1044.0,13945760.3,3734.4,0.05,0.14,0.2,0.23,79
cf-deployment,Line_EC,TESTING,-0.85,,-1.07,55.33,9624.77,98.11,0.0,0.06,0.0,0.13,79
cf-deployment,Line_CC,FEATURE,,,,9.0,81.0,9.0,0.0,0.0,0.0,0.0,2
cf-deployment,Line_EC,FEATURE,,,,11.0,121.0,11.0,0.0,0.0,0.0,0.0,2
cf-deployment,Line_CC,UPGRADE,-1.28,,3.28,51.96,4815.84,69.4,0.0,0.0,0.5,0.0,8
cf-deployment,Line_EC,UPGRADE,1.0,,1.0,0.0,0.0,0.0,,,,,8
cf-deployment,Line_CC,RELEASE,0.36,,0.32,702.53,7408398.76,2721.84,0.31,0.2,0.46,0.52,140
cf-deployment,Line_EC,RELEASE,-99.47,,-105.75,19.36,10152.55,100.76,0.0,0.09,0.17,0.18,140
cf-deployment,Line_CC,SUPPORT,0.16,,-0.26,141.33,40768.97,201.91,0.14,0.04,0.29,0.08,25
cf-deployment,Line_EC,SUPPORT,1.0,,1.0,0.0,0.0,0.0,,0.0,,0.0,25
cf-deployment,Line_CC,OTHER,-8.98,,-9.6,965.7,5364729.97,2316.19,0.17,0.17,0.37,0.32,139
cf-deployment,Line_EC,OTHER,-0.11,,-0.18,280.82,637615.6,798.51,0.21,0.08,0.32,0.17,139
office-js,Line_CC,BUG,0.84,,0.73,1.85,10.31,3.21,1.0,0.9,1.0,0.9,21
office-js,Line_EC,BUG,1.0,,1.0,0.0,0.0,0.0,,0.0,,0.0,21
d3,Line_CC,BUG,0.33,,0.27,234.5,155931.47,394.88,0.07,0.15,0.3,0.27,107
d3,Line_EC,BUG,1.0,,1.0,0.0,0.0,0.0,,0.0,,0.5,107
socket.io,Line_CC,BUG,-2.82,,-10.46,38.6,2366.83,48.65,0.25,0.07,0.25,0.14,14
socket.io,Line_EC,BUG,-1.45,,-6.35,1612.59,4963929.93,2227.99,0.0,0.0,0.0,0.14,14
socket.io,Line_CC,DOCS,0.38,,0.38,831.16,1959268.13,1399.74,0.33,0.09,0.33,0.27,11
socket.io,Line_EC,DOCS,0.3,,0.3,51035.98,7612160541.45,87247.7,0.0,0.0,0.0,0.09,11
webpack,Line_CC,BUG,0.8,,0.79,249.17,759929.29,871.74,0.18,0.19,0.29,0.32,285
webpack,Line_EC,BUG,-0.69,,-0.74,9747.36,1805194926.53,42487.59,0.13,0.03,0.13,0.05,285
webpack,Line_CC,DOCS,0.86,,0.58,283.26,264426.26,514.22,0.0,0.08,0.5,0.23,13
webpack,Line_EC,DOCS,0.0,,-2.0,19.0,1443.49,37.99,0.0,0.0,0.0,0.0,13
webpack,Line_CC,REFACTOR,0.99,,0.99,458.01,542653.41,736.65,0.42,0.37,0.47,0.44,73
webpack,Line_EC,REFACTOR,-6128.33,,-6894.5,396.81,2694460.4,1641.48,0.0,0.0,0.0,0.03,73
webpack,Line_CC,TESTING,0.72,,0.7,442.3,1165911.52,1079.77,0.13,0.27,0.18,0.43,150
webpack,Line_EC,TESTING,-0.09,,-0.15,267.98,1324642.97,1150.93,0.3,0.21,0.35,0.35,150
webpack,Line_CC,FEATURE,0.07,,-0.03,269.14,925874.24,962.22,0.42,0.32,0.53,0.39,81
webpack,Line_EC,FEATURE,-0.06,,-0.18,221.85,913319.5,955.68,0.0,0.0,0.0,0.02,81
webpack,Line_CC,UPGRADE,-0.58,,-1.03,314.57,194383.09,440.89,0.0,0.0,0.0,0.05,40
webpack,Line_EC,UPGRADE,0.56,,0.43,0.93,2.55,1.6,0.14,0.2,0.29,0.32,40
jekyll,Line_CC,BUG,0.47,,0.4,243.3,329526.98,574.04,0.28,0.16,0.5,0.28,69
jekyll,Line_EC,BUG,-5.63,,-6.51,593.22,2678057.41,1636.48,0.25,0.13,0.25,0.26,69
jekyll,Line_CC,DOCS,-1.16,,-1.59,273.95,155778.92,394.69,0.15,0.18,0.38,0.28,50
jekyll,Line_EC,DOCS,-0.43,,-0.72,790.89,3583869.85,1893.11,0.0,0.0,0.0,0.05,50
jekyll,Line_CC,REFACTOR,-2.05,,-3.57,63.45,6003.03,77.48,0.14,0.18,0.29,0.29,28
jekyll,Line_EC,REFACTOR,0.83,,0.74,4.31,129.83,11.39,0.0,0.0,1.0,0.0,28
jekyll,Line_CC,TESTING,-2.34,,-2.9,90.22,44840.7,211.76,0.4,0.25,0.67,0.5,60
jekyll,Line_EC,TESTING,0.94,,0.93,41.25,11314.46,106.37,0.57,0.29,0.57,0.43,60
jekyll,Line_CC,FEATURE,0.11,,-0.78,151.23,57611.99,240.02,0.4,0.25,0.4,0.3,20
jekyll,Line_EC,FEATURE,-0.66,,-2.32,1627.37,6620859.92,2573.1,0.0,0.0,0.0,0.0,20
jekyll,Line_CC,UPGRADE,0.17,,-0.16,37.05,2785.39,52.78,0.0,0.1,0.25,0.16,31
jekyll,Line_EC,UPGRADE,0.87,,0.82,86.2,59088.02,243.08,0.0,0.08,1.0,0.42,31
jekyll,Line_CC,RELEASE,0.41,,0.34,89.92,16914.09,130.05,0.14,0.13,0.24,0.25,84
jekyll,Line_EC,RELEASE,-54.86,,-61.07,90.79,88688.97,297.81,0.0,0.42,0.0,0.42,84
jekyll,Line_CC,SUPPORT,0.3,,0.02,95.78,28435.84,168.63,0.12,0.22,0.38,0.31,32
jekyll,Line_EC,SUPPORT,1.0,,1.0,0.0,0.0,0.0,,0.0,,0.0,32
jekyll,Line_CC,OTHER,0.71,,0.68,820.99,1685446.65,1298.25,0.17,0.11,0.39,0.29,89
jekyll,Line_EC,OTHER,0.05,,-0.04,1040.52,8341010.85,2888.08,0.21,0.22,0.29,0.27,89
requests,Line_CC,BUG,-0.12,,-0.31,71.16,27226.91,165.01,0.0,0.09,0.13,0.21,57
requests,Line_EC,BUG,-0.01,,-0.18,52.33,24336.79,156.0,0.09,0.14,0.18,0.33,57
requests,Line_CC,DOCS,-5.81,,-8.53,20.24,1020.3,31.94,0.12,0.0,0.12,0.13,31
requests,Line_EC,DOCS,-0.87,,-1.62,9.51,260.53,16.14,0.25,0.06,0.5,0.19,31
requests,Line_CC,REFACTOR,,,,10.08,101.61,10.08,0.0,0.0,0.0,0.0,3
requests,Line_EC,REFACTOR,,,,3.41,11.61,3.41,0.0,0.0,0.0,0.0,3
requests,Line_CC,TESTING,-208.42,,-268.25,566.58,1067525.73,1033.21,0.1,0.05,0.1,0.1,39
requests,Line_EC,TESTING,0.49,,0.34,18.51,723.05,26.89,0.0,0.17,0.43,0.35,39
requests,Line_CC,FEATURE,,,,0.0,0.0,0.0,,,,,2
requests,Line_EC,FEATURE,,,,0.0,0.0,0.0,,,,,2
requests,Line_CC,UPGRADE,-3.34,,5.34,55.35,4587.54,67.73,0.0,0.0,0.0,0.0,7
requests,Line_EC,UPGRADE,0.0,,2.0,0.02,0.0,0.02,0.0,0.0,0.0,0.0,7
requests,Line_CC,RELEASE,-0.12,,-2.36,4.4,34.58,5.88,0.25,0.07,0.25,0.27,15
requests,Line_EC,RELEASE,-0.39,,-3.17,5.27,49.97,7.07,0.0,0.0,0.0,0.08,15
requests,Line_CC,SUPPORT,-178.25,,-178.25,119.08,21549.36,146.8,0.33,0.33,0.33,0.5,12
requests,Line_EC,SUPPORT,-5.58,,-5.58,16.0,707.21,26.59,0.0,0.09,0.0,0.18,12
requests,Line_CC,OTHER,-0.38,,-0.54,1462.91,8422837.88,2902.21,0.05,0.09,0.3,0.14,80
requests,Line_EC,OTHER,-3.76,,-4.32,371.67,612249.34,782.46,0.0,0.04,0.14,0.16,80
lodash,Line_CC,BUG,1.0,,1.0,16.63,809.19,28.45,0.43,0.28,0.57,0.45,53
lodash,Line_EC,BUG,1.0,,1.0,17.24,903.7,30.06,0.36,0.26,0.64,0.45,53
lodash,Line_CC,DOCS,0.05,,-0.1,642.44,1927329.55,1388.28,0.69,0.55,0.75,0.82,62
lodash,Line_EC,DOCS,0.04,,-0.11,634.0,1946108.17,1395.03,0.62,0.56,0.75,0.85,62
lodash,Line_CC,REFACTOR,0.98,,0.98,9.56,273.93,16.55,0.67,0.7,1.0,0.7,10
lodash,Line_EC,REFACTOR,0.97,,0.97,13.16,519.21,22.79,0.67,0.7,0.67,0.7,10
lodash,Line_CC,TESTING,0.51,,0.43,274.0,250572.59,500.57,0.33,0.37,0.47,0.49,59
lodash,Line_EC,TESTING,0.48,,0.39,295.05,262994.36,512.83,0.27,0.36,0.47,0.47,59
lodash,Line_CC,FEATURE,0.97,,0.97,0.74,1.65,1.28,0.67,0.7,0.67,0.7,10
lodash,Line_EC,FEATURE,0.94,,0.94,1.09,3.57,1.89,0.67,0.7,0.67,0.7,10
lodash,Line_CC,UPGRADE,1.0,,1.0,0.31,0.21,0.46,1.0,0.64,1.0,0.64,14
lodash,Line_EC,UPGRADE,1.0,,1.0,0.67,0.97,0.99,1.0,0.64,1.0,0.64,14
lodash,Line_CC,RELEASE,1.0,,1.0,0.0,0.0,0.0,1.0,1.0,1.0,1.0,8
lodash,Line_EC,RELEASE,1.0,,1.0,0.0,0.0,0.0,1.0,1.0,1.0,1.0,8
lodash,Line_CC,SUPPORT,0.99,,0.98,75.05,15653.39,125.11,0.43,0.39,0.71,0.64,28
lodash,Line_EC,SUPPORT,0.99,,0.98,76.39,16047.93,126.68,0.43,0.39,0.57,0.64,28
lodash,Line_CC,OTHER,0.92,,0.92,4906.11,165331370.65,12858.12,0.17,0.15,0.24,0.26,284
lodash,Line_EC,OTHER,1.0,,1.0,259.6,973611.86,986.72,0.43,0.34,0.57,0.52,284
json-server,Line_CC,BUG,-173.9,,-205.7,193.17,186448.37,431.8,0.14,0.09,0.14,0.29,56
json-server,Line_EC,BUG,1.0,,1.0,0.0,0.0,0.0,,0.0,,0.0,56
json-server,Line_CC,DOCS,,,,9.0,81.0,9.0,0.0,0.0,0.0,0.0,2
json-server,Line_EC,DOCS,,,,0.0,0.0,0.0,,,,,2
json-server,Line_CC,REFACTOR,-5.29,,-5.29,248.11,70042.48,264.66,0.0,0.08,0.0,0.25,12
json-server,Line_EC,REFACTOR,1.0,,1.0,0.0,0.0,0.0,,,,,12
json-server,Line_CC,TESTING,-51.14,,-155.42,98.06,25169.91,158.65,0.0,0.07,0.0,0.13,15
json-server,Line_EC,TESTING,1.0,,1.0,0.0,0.0,0.0,,0.0,,0.0,15
pm2,Line_CC,BUG,0.92,,0.91,106.53,30030.97,173.29,0.22,0.1,0.35,0.25,91
pm2,Line_EC,BUG,-0.01,,-0.11,25.44,5646.54,75.14,0.0,0.04,0.15,0.09,91
pm2,Line_CC,DOCS,-48.7,,-148.1,125.11,23593.9,153.6,0.0,0.13,0.25,0.33,15
pm2,Line_EC,DOCS,-55.52,,-168.56,77.45,16260.34,127.52,0.0,0.0,0.0,0.0,15
pm2,Line_CC,REFACTOR,0.32,,0.09,499.88,607421.43,779.37,0.33,0.21,0.33,0.36,33
pm2,Line_EC,REFACTOR,0.01,,-0.32,50.33,22797.64,150.99,0.0,0.0,0.0,0.0,33
pm2,Line_CC,TESTING,-1.59,,-1.96,380.72,539595.43,734.57,0.0,0.11,0.29,0.21,66
pm2,Line_EC,TESTING,-482.25,,-551.29,1.25,26.75,5.17,0.0,0.22,0.0,0.22,66
pm2,Line_CC,FEATURE,0.68,,0.59,119.2,29677.74,172.27,0.3,0.15,0.4,0.33,39
pm2,Line_EC,FEATURE,0.0,,-0.29,18.79,1176.38,34.3,0.0,0.0,0.0,0.0,39
pm2,Line_CC,UPGRADE,-0.25,,-0.53,192.47,61293.92,247.58,0.08,0.09,0.17,0.11,46
pm2,Line_EC,UPGRADE,-2664.96,,-3257.4,8.44,814.6,28.54,0.0,0.12,0.0,0.12,46
pm2,Line_CC,RELEASE,-2.61,,-4.42,6.27,62.67,7.92,0.0,0.19,0.14,0.31,26
pm2,Line_EC,RELEASE,1.0,,1.0,0.0,0.0,0.0,,,,,26
pm2,Line_CC,SUPPORT,-0.34,,-1.23,64.07,10390.32,101.93,0.33,0.09,0.33,0.14,22
pm2,Line_EC,SUPPORT,0.09,,-0.52,53.42,15887.65,126.05,0.0,0.0,0.0,0.0,22
pm2,Line_CC,OTHER,0.68,,0.65,565.12,1298962.84,1139.72,0.26,0.19,0.63,0.42,108
pm2,Line_EC,OTHER,0.43,,0.38,141.43,103906.13,322.34,0.06,0.05,0.24,0.09,108
video.js,Line_CC,BUG,0.56,,0.54,241.34,263607.0,513.43,0.16,0.11,0.31,0.21,203
video.js,Line_EC,BUG,0.61,,0.59,2949.61,45128256.88,6717.76,0.06,0.08,0.12,0.27,203
video.js,Line_CC,DOCS,-0.16,,-0.33,8104.04,358179070.68,18925.62,0.12,0.1,0.18,0.22,68
video.js,Line_EC,DOCS,-0.12,,-0.28,375947.22,1191964419350.47,1091771.23,0.2,0.14,0.5,0.24,68
video.js,Line_CC,REFACTOR,0.5,,0.33,447.29,380945.21,617.21,0.33,0.37,0.44,0.43,35
video.js,Line_EC,REFACTOR,0.39,,0.19,21096.52,1091661572.0,33040.3,0.33,0.35,0.33,0.48,35
video.js,Line_CC,TESTING,0.92,,0.91,343.22,401144.22,633.36,0.14,0.05,0.29,0.13,82
video.js,Line_EC,TESTING,0.69,,0.66,5313.42,301227424.96,17355.9,0.5,0.36,0.6,0.48,82
video.js,Line_CC,FEATURE,0.89,,0.88,458.62,800377.67,894.64,0.58,0.23,0.79,0.43,75
video.js,Line_EC,FEATURE,0.9,,0.89,4505.29,46630712.91,6828.67,0.33,0.29,0.75,0.61,75
video.js,Line_CC,UPGRADE,-0.5,,-0.5,1332.38,5294284.97,2300.93,0.67,0.0,0.67,0.0,9
video.js,Line_EC,UPGRADE,-0.49,,-0.49,78980.48,18385015405.89,135591.35,0.33,0.0,0.33,0.0,9
video.js,Line_CC,RELEASE,-2.86,,-3.31,1586.06,13237601.38,3638.35,0.0,0.1,0.1,0.2,80
video.js,Line_EC,RELEASE,0.69,,0.65,209.35,521702.43,722.29,0.5,0.0,0.5,0.0,80
video.js,Line_CC,SUPPORT,0.5,,0.25,78.68,14450.57,120.21,0.43,0.32,0.57,0.52,25
video.js,Line_EC,SUPPORT,1.0,,1.0,0.28,0.55,0.74,1.0,0.8,1.0,1.0,25
video.js,Line_CC,OTHER,0.2,,0.18,2997.48,95109703.51,9752.42,0.09,0.1,0.28,0.19,321
video.js,Line_EC,OTHER,0.58,,0.57,1734.18,47601904.23,6899.41,0.28,0.12,0.44,0.23,321
devise,Line_CC,BUG,0.81,,0.79,54.78,6225.56,78.9,0.19,0.22,0.29,0.44,81
devise,Line_EC,BUG,0.08,,-0.02,5.08,130.11,11.41,0.22,0.11,0.22,0.26,81
devise,Line_CC,DOCS,0.92,,0.89,33.58,1454.53,38.14,0.11,0.11,0.33,0.25,36
devise,Line_EC,DOCS,0.79,,0.72,0.1,0.08,0.29,0.0,0.0,1.0,0.0,36
devise,Line_CC,REFACTOR,-0.14,,-0.52,58.55,13520.61,116.28,0.11,0.17,0.44,0.31,35
devise,Line_EC,REFACTOR,-0.04,,-0.39,5.6,272.2,16.5,0.33,0.17,0.67,0.17,35
devise,Line_CC,TESTING,0.81,,0.78,121.15,59168.45,243.25,0.06,0.19,0.19,0.41,64
devise,Line_EC,TESTING,0.02,,-0.13,133.99,171130.23,413.68,0.17,0.11,0.33,0.25,64
devise,Line_CC,FEATURE,-550.39,,-550.39,36.58,1960.51,44.28,0.0,0.0,0.0,0.17,12
devise,Line_EC,FEATURE,1.0,,1.0,0.0,0.0,0.0,,,,,12
devise,Line_CC,UPGRADE,-0.45,,-1.17,119.48,27915.45,167.08,0.43,0.12,0.57,0.2,25
devise,Line_EC,UPGRADE,0.99,,0.98,0.28,0.57,0.75,1.0,0.5,1.0,0.5,25
devise,Line_CC,RELEASE,0.55,,0.5,24.71,1513.09,38.9,0.24,0.2,0.48,0.37,82
devise,Line_EC,RELEASE,1.0,,1.0,0.0,0.0,0.0,,,,,82
devise,Line_CC,SUPPORT,0.56,,0.38,140.93,29343.0,171.3,0.38,0.29,0.62,0.42,31
devise,Line_EC,SUPPORT,1.0,,1.0,0.07,0.04,0.21,1.0,0.45,1.0,0.45,31
devise,Line_CC,OTHER,0.69,,0.66,482.29,680045.79,824.65,0.44,0.26,0.59,0.54,107
devise,Line_EC,OTHER,-0.64,,-0.78,168.26,142393.63,377.35,0.06,0.2,0.06,0.38,107
jest,Line_CC,BUG,0.47,,0.42,432.76,942364.34,970.75,0.15,0.17,0.35,0.33,101
jest,Line_EC,BUG,0.72,,0.7,3119.23,38359208.9,6193.48,0.14,0.12,0.43,0.27,101
jest,Line_CC,DOCS,-0.32,,-0.56,3137.38,31559310.39,5617.77,0.0,0.05,0.07,0.14,56
jest,Line_EC,DOCS,-0.05,,-0.24,46957.96,28595006649.83,169100.58,0.0,0.11,0.17,0.19,56
jest,Line_CC,REFACTOR,-0.55,,-3.65,904.98,1672080.76,1293.09,0.5,0.15,0.5,0.23,13
jest,Line_EC,REFACTOR,-0.98,,-4.94,20204.29,808232088.91,28429.42,0.0,0.0,0.0,0.17,13
jest,Line_CC,TESTING,0.83,,0.81,508.06,628331.12,792.67,0.16,0.14,0.42,0.38,76
jest,Line_EC,TESTING,-0.14,,-0.28,14434.15,654421494.91,25581.66,0.08,0.08,0.15,0.14,76
jest,Line_CC,FEATURE,0.77,,0.31,170.08,37291.14,193.11,0.25,0.25,0.5,0.44,16
jest,Line_EC,FEATURE,-0.55,,-3.65,6486.78,103917646.59,10194.0,0.0,0.08,0.0,0.08,16
jest,Line_CC,UPGRADE,0.47,,0.2,859.03,1141538.96,1068.43,0.0,0.07,0.14,0.18,28
jest,Line_EC,UPGRADE,-1.6,,-2.9,27381.59,2513071071.47,50130.54,0.0,0.0,0.25,0.06,28
jest,Line_CC,RELEASE,-1.28,,-1.93,144.45,27594.95,166.12,0.2,0.14,0.3,0.38,37
jest,Line_EC,RELEASE,1.0,,1.0,0.0,0.0,0.0,,0.0,,0.0,37
jest,Line_CC,SUPPORT,0.0,,-0.25,926.7,2857496.13,1690.41,0.0,0.12,0.18,0.22,41
jest,Line_EC,SUPPORT,0.16,,-0.05,23572.79,3727254465.47,61051.24,0.12,0.05,0.25,0.09,41
jest,Line_CC,OTHER,0.79,,0.78,1916.57,17914213.32,4232.52,0.13,0.12,0.21,0.25,154
jest,Line_EC,OTHER,0.56,,0.54,33427.01,10296514402.76,101471.74,0.06,0.12,0.22,0.29,154
webtorrent,Line_CC,BUG,-1.11,,-5.33,3.79,18.43,4.29,0.25,0.25,0.25,0.5,16
webtorrent,Line_EC,BUG,0.67,,0.01,1.4,3.94,1.98,0.0,0.0,0.5,0.0,16
webtorrent,Line_CC,DOCS,,,,6.0,36.0,6.0,0.0,0.0,0.0,0.0,2
webtorrent,Line_EC,DOCS,,,,8.0,64.0,8.0,0.0,0.0,0.0,0.0,2
npm,Line_CC,BUG,-0.14,,-0.19,3789.3,175873787.22,13261.74,0.26,0.21,0.3,0.25,185
npm,Line_EC,BUG,-0.01,,-0.06,2915.88,155871571.77,12484.85,0.39,0.18,0.42,0.23,185
npm,Line_CC,DOCS,0.99,,0.99,46.15,6884.64,82.97,0.61,0.38,0.67,0.52,130
npm,Line_EC,DOCS,0.98,,0.98,12.17,735.25,27.12,0.79,0.46,0.83,0.69,130
npm,Line_CC,REFACTOR,0.89,,0.87,109.8,47167.06,217.18,0.92,0.71,0.92,0.78,45
npm,Line_EC,REFACTOR,0.98,,0.98,58.56,8987.32,94.8,0.92,0.76,1.0,0.84,45
npm,Line_CC,TESTING,0.92,,0.92,406.35,558604.13,747.4,0.43,0.2,0.5,0.38,173
npm,Line_EC,TESTING,0.88,,0.87,282.39,712140.25,843.88,0.57,0.32,0.57,0.47,173
npm,Line_CC,FEATURE,0.01,,-0.13,241.11,825611.76,908.63,0.76,0.65,0.76,0.66,68
npm,Line_EC,FEATURE,-0.08,,-0.23,258.03,902307.06,949.9,0.71,0.59,0.71,0.62,68
npm,Line_CC,UPGRADE,0.94,,0.94,3592.0,90842470.87,9531.13,0.38,0.25,0.46,0.39,148
npm,Line_EC,UPGRADE,0.99,,0.99,1429.44,15553863.95,3943.84,0.68,0.45,0.72,0.54,148
npm,Line_CC,RELEASE,0.71,,0.67,13.25,468.97,21.66,0.67,0.45,0.89,0.65,69
npm,Line_EC,RELEASE,0.93,,0.92,8.26,309.51,17.59,0.78,0.72,0.78,0.8,69
npm,Line_CC,SUPPORT,0.94,,0.94,68.65,16743.6,129.4,0.5,0.47,0.54,0.56,109
npm,Line_EC,SUPPORT,0.87,,0.86,40.28,12729.56,112.83,0.57,0.44,0.67,0.58,109
npm,Line_CC,OTHER,0.77,,0.76,45781.3,11102072055.66,105366.37,0.33,0.22,0.52,0.35,254
npm,Line_EC,OTHER,0.93,,0.93,15549.33,1543349243.22,39285.48,0.41,0.35,0.61,0.54,254
mongoose,Line_CC,BUG,0.97,,0.97,219.44,215962.83,464.72,0.2,0.21,0.38,0.4,263
mongoose,Line_EC,BUG,0.08,,0.05,74.17,82840.36,287.82,0.11,0.04,0.16,0.05,263
mongoose,Line_CC,DOCS,0.43,,0.4,3870.16,91661880.28,9574.02,0.11,0.14,0.21,0.26,185
mongoose,Line_EC,DOCS,0.9,,0.9,132.12,190018.32,435.91,0.33,0.25,0.4,0.31,185
mongoose,Line_CC,REFACTOR,0.78,,0.76,630.9,2159101.05,1469.39,0.19,0.13,0.24,0.26,84
mongoose,Line_EC,REFACTOR,1.0,,1.0,0.78,7.15,2.67,0.67,0.5,0.67,0.67,84
mongoose,Line_CC,TESTING,0.51,,0.49,205.0,305085.12,552.35,0.28,0.34,0.57,0.56,211
mongoose,Line_EC,TESTING,0.7,,0.69,43.92,16557.96,128.68,0.0,0.22,0.62,0.44,211
mongoose,Line_CC,FEATURE,0.8,,0.76,179.87,110948.49,333.09,0.38,0.25,0.46,0.43,56
mongoose,Line_EC,FEATURE,0.99,,0.99,0.54,1.71,1.31,0.5,0.3,0.5,0.35,56
mongoose,Line_CC,UPGRADE,0.97,,0.96,7.64,133.4,11.55,0.42,0.16,0.42,0.36,45
mongoose,Line_EC,UPGRADE,1.0,,1.0,0.0,0.0,0.0,,,,,45
mongoose,Line_CC,RELEASE,-153.6,,-158.75,946.96,27874154.57,5279.6,0.16,0.21,0.29,0.32,250
mongoose,Line_EC,RELEASE,1.0,,1.0,0.0,0.0,0.0,,0.0,,0.0,250
mongoose,Line_CC,SUPPORT,1.0,,1.0,1.89,14.21,3.77,1.0,1.0,1.0,1.0,15
mongoose,Line_EC,SUPPORT,1.0,,1.0,0.0,0.0,0.0,,,,,15
mongoose,Line_CC,OTHER,0.68,,0.67,2555.72,74122289.61,8609.43,0.05,0.07,0.17,0.19,261
mongoose,Line_EC,OTHER,-0.04,,-0.07,261.31,757402.0,870.29,0.0,0.02,0.0,0.07,261
superagent,Line_CC,BUG,-0.71,,-0.97,169.5,121773.15,348.96,0.0,0.03,0.0,0.08,63
superagent,Line_EC,BUG,0.09,,-0.05,5.49,347.21,18.63,0.2,0.07,0.4,0.07,63
superagent,Line_CC,DOCS,-0.25,,-1.5,63.19,12883.72,113.51,0.0,0.0,0.0,0.2,20
superagent,Line_EC,DOCS,1.0,,1.0,0.0,0.0,0.0,,,,,20
superagent,Line_CC,REFACTOR,-0.48,,-0.48,59.76,6733.44,82.06,0.33,0.09,0.33,0.18,11
superagent,Line_EC,REFACTOR,1.0,,1.0,0.0,0.0,0.0,,,,,11
superagent,Line_CC,TESTING,-25.98,,-33.69,314.05,861424.94,928.13,0.4,0.18,0.4,0.26,38
superagent,Line_EC,TESTING,-269.42,,-346.68,714.8,4538206.4,2130.31,0.25,0.0,0.25,0.0,38
superagent,Line_CC,FEATURE,,,,20.07,402.94,20.07,0.0,0.0,0.0,0.0,4
superagent,Line_EC,FEATURE,,,,29.48,869.07,29.48,0.0,0.0,0.0,0.0,4
superagent,Line_CC,UPGRADE,-162.01,,164.01,95.46,9169.5,95.76,0.0,0.0,0.0,0.0,6
superagent,Line_EC,UPGRADE,0.0,,2.0,0.95,0.91,0.95,0.0,0.0,0.0,0.0,6
superagent,Line_CC,RELEASE,-3.05,,-4.21,9.99,381.72,19.54,0.3,0.45,0.8,0.62,40
superagent,Line_EC,RELEASE,1.0,,1.0,0.0,0.0,0.0,,,,,40
superagent,Line_CC,SUPPORT,-36.63,,-74.26,50.53,3167.23,56.28,0.0,0.06,0.0,0.18,17
superagent,Line_EC,SUPPORT,1.0,,1.0,0.0,0.0,0.0,,,,,17
superagent,Line_CC,OTHER,-0.73,,-0.89,408.21,762901.25,873.44,0.08,0.09,0.16,0.16,98
superagent,Line_EC,OTHER,-2.62,,-2.95,107.12,92784.15,304.6,0.0,0.03,0.1,0.05,98
keystone,Line_CC,BUG,0.94,,0.88,1650.1,13329090.6,3650.9,0.6,0.2,0.8,0.4,20
keystone,Line_EC,BUG,0.84,,0.68,42772.76,9055947114.5,95162.74,0.0,0.05,0.2,0.2,20
keystone,Line_CC,DOCS,0.42,,-0.74,8494.53,120123318.59,10960.08,0.0,0.0,0.25,0.15,13
keystone,Line_EC,DOCS,0.73,,0.19,5189.57,44684203.53,6684.62,0.0,0.0,0.25,0.23,13
keystone,Line_CC,REFACTOR,0.99,,1.01,8773.55,143575083.49,11982.28,0.5,0.25,0.5,0.38,8
keystone,Line_EC,REFACTOR,0.96,,1.04,15583.76,465496985.5,21575.38,0.5,0.25,0.5,0.25,8
keystone,Line_CC,TESTING,0.47,,-0.59,42393.2,3875897867.03,62256.71,0.0,0.14,0.25,0.21,14
keystone,Line_EC,TESTING,0.49,,-0.53,34789.86,2589472383.08,50886.86,0.0,0.14,0.25,0.14,14
keystone,Line_CC,FEATURE,0.91,,1.09,16.63,412.85,20.32,0.5,0.5,0.5,0.5,8
keystone,Line_EC,FEATURE,0.99,,1.01,1.72,5.42,2.33,0.5,0.29,0.5,0.29,8
keystone,Line_CC,UPGRADE,-33.85,,35.85,53.1,2822.63,53.13,0.0,0.43,0.5,0.57,7
keystone,Line_EC,UPGRADE,-1150.99,,1152.99,45.3,2591.97,50.91,0.0,0.29,0.5,0.29,7
keystone,Line_CC,RELEASE,-6.04,,8.04,47.68,2279.47,47.74,0.0,0.14,0.0,0.29,7
keystone,Line_EC,RELEASE,-403.72,,405.72,29.19,910.62,30.18,0.0,0.29,0.5,0.57,7
keystone,Line_CC,SUPPORT,0.95,,0.95,119.12,16229.65,127.4,0.33,0.33,0.33,0.33,9
keystone,Line_EC,SUPPORT,0.96,,0.96,69.87,7502.42,86.62,0.33,0.22,0.33,0.33,9
keystone,Line_CC,OTHER,0.83,,0.72,81612.86,19653898939.19,140192.36,0.17,0.18,0.33,0.23,22
keystone,Line_EC,OTHER,0.77,,0.62,100431.24,22491728999.93,149972.43,0.0,0.05,0.17,0.14,22
medium-editor,Line_CC,BUG,0.89,,0.87,87.85,19473.04,139.55,0.13,0.05,0.33,0.22,58
medium-editor,Line_EC,BUG,0.75,,0.71,14.15,552.06,23.5,0.1,0.11,0.3,0.22,58
medium-editor,Line_CC,DOCS,0.98,,0.97,132.07,20462.76,143.05,0.5,0.38,0.67,0.52,21
medium-editor,Line_EC,DOCS,0.98,,0.97,4.93,48.61,6.97,1.0,0.89,1.0,0.89,21
medium-editor,Line_CC,REFACTOR,-0.69,,-0.69,75.05,16896.01,129.98,0.67,0.83,0.67,0.83,12
medium-editor,Line_EC,REFACTOR,1.0,,1.0,0.0,0.0,0.0,,,,,12
medium-editor,Line_CC,TESTING,-0.04,,-0.46,25.49,880.91,29.68,0.25,0.42,0.5,0.58,31
medium-editor,Line_EC,TESTING,0.91,,0.87,0.92,6.83,2.61,0.0,0.33,1.0,0.67,31
medium-editor,Line_CC,FEATURE,,,,0.0,0.0,0.0,,,,,3
medium-editor,Line_EC,FEATURE,,,,0.0,0.0,0.0,,,,,3
medium-editor,Line_CC,UPGRADE,0.0,,0.0,1.4,1.96,1.4,1.0,0.78,1.0,0.89,9
medium-editor,Line_EC,UPGRADE,1.0,,1.0,0.0,0.0,0.0,,0.0,,0.0,9
medium-editor,Line_CC,RELEASE,0.94,,0.82,7.84,112.96,10.63,0.5,0.54,0.5,0.69,13
medium-editor,Line_EC,RELEASE,0.91,,0.73,1.43,6.4,2.53,0.5,0.54,0.5,0.54,13
medium-editor,Line_CC,SUPPORT,0.85,,0.85,4.04,34.9,5.91,0.67,0.58,0.67,0.67,12
medium-editor,Line_EC,SUPPORT,1.0,,1.0,0.0,0.0,0.0,,,,,12
medium-editor,Line_CC,OTHER,0.68,,0.63,2082.7,21895696.43,4679.28,0.35,0.27,0.53,0.48,66
medium-editor,Line_EC,OTHER,0.7,,0.66,340.19,365199.37,604.32,0.18,0.17,0.45,0.43,66
pandoc,Line_CC,BUG,0.4,,0.33,427.71,1805653.04,1343.75,0.19,0.2,0.38,0.43,83
pandoc,Line_EC,BUG,-0.36,,-0.51,79.95,22341.8,149.47,0.0,0.1,0.14,0.1,83
pandoc,Line_CC,DOCS,-0.21,,-0.61,134.95,42612.1,206.43,0.0,0.09,0.0,0.17,35
pandoc,Line_EC,DOCS,-0.12,,-0.49,72.11,46800.11,216.33,0.0,0.0,0.0,0.0,35
pandoc,Line_CC,REFACTOR,-0.03,,-0.72,420.48,701467.99,837.54,0.17,0.1,0.33,0.24,21
pandoc,Line_EC,REFACTOR,-59.47,,-99.78,57.2,9885.53,99.43,0.0,0.12,0.0,0.25,21
pandoc,Line_CC,TESTING,0.59,,0.53,1032.8,5025546.17,2241.77,0.19,0.08,0.31,0.2,64
pandoc,Line_EC,TESTING,0.44,,0.35,56.58,23280.92,152.58,0.0,0.07,0.25,0.2,64
pandoc,Line_CC,FEATURE,0.0,,2.0,1.07,1.31,1.15,0.0,0.0,0.0,0.0,6
pandoc,Line_EC,FEATURE,1.0,,1.0,0.0,0.0,0.0,,,,,6
pandoc,Line_CC,UPGRADE,0.02,,-0.23,154.21,69659.24,263.93,0.09,0.05,0.09,0.14,42
pandoc,Line_EC,UPGRADE,1.0,,1.0,0.0,0.0,0.0,,,,,42
pandoc,Line_CC,RELEASE,-0.4,,-1.1,146.63,46859.22,216.47,0.29,0.08,0.43,0.23,26
pandoc,Line_EC,RELEASE,1.0,,1.0,0.0,0.0,0.0,,,,,26
pandoc,Line_CC,SUPPORT,-2.62,,-3.42,127.22,46062.17,214.62,0.42,0.17,0.67,0.28,46
pandoc,Line_EC,SUPPORT,-7.97,,-9.96,21.41,2105.15,45.88,0.25,0.13,0.25,0.33,46
pandoc,Line_CC,OTHER,0.6,,0.57,1460.03,8679899.41,2946.17,0.08,0.12,0.31,0.32,104
pandoc,Line_EC,OTHER,-2.94,,-3.28,76.4,39945.99,199.86,0.0,0.11,0.0,0.35,104
swagger-ui,Line_CC,BUG,-0.05,,-0.17,1237.99,28464634.39,5335.23,0.0,0.05,0.38,0.19,81
swagger-ui,Line_EC,BUG,-0.56,,-0.73,4735.62,51551277.59,7179.92,0.05,0.06,0.1,0.1,81
swagger-ui,Line_CC,DOCS,-0.49,,-0.49,4528.43,61323855.7,7830.95,0.33,0.09,0.33,0.09,11
swagger-ui,Line_EC,DOCS,-0.97,,-0.97,561.22,372460.67,610.3,0.0,0.09,0.0,0.09,11
swagger-ui,Line_CC,REFACTOR,-4.79,,6.79,193.66,44352.31,210.6,0.0,0.0,0.0,0.17,6
swagger-ui,Line_EC,REFACTOR,1.0,,1.0,0.0,0.0,0.0,,,,,6
swagger-ui,Line_CC,TESTING,-244.43,,-408.05,435.53,832956.56,912.66,0.0,0.1,0.0,0.14,21
swagger-ui,Line_EC,TESTING,-61811.21,,-103019.35,11202.33,478151806.56,21866.68,0.0,0.0,0.0,0.0,21
swagger-ui,Line_CC,FEATURE,-0.17,,-0.75,389.89,353574.48,594.62,0.14,0.11,0.14,0.18,28
swagger-ui,Line_EC,FEATURE,-0.14,,-0.71,19353.26,1221363311.16,34948.01,0.0,0.04,0.14,0.11,28
selenium,Line_CC,BUG,0.38,,0.33,2784.46,18799987.51,4335.9,0.15,0.08,0.3,0.2,108
selenium,Line_EC,BUG,-1.72,,-1.95,3189.32,28822881.87,5368.69,0.12,0.06,0.2,0.14,108
selenium,Line_CC,DOCS,-0.54,,-0.71,13985.9,691252870.72,26291.69,0.1,0.06,0.19,0.11,84
selenium,Line_EC,DOCS,0.32,,0.24,3060.36,31002211.25,5567.96,0.2,0.14,0.3,0.26,84
selenium,Line_CC,REFACTOR,0.01,,-0.14,1486.35,13215180.69,3635.27,0.25,0.19,0.38,0.35,63
selenium,Line_EC,REFACTOR,-0.39,,-0.6,2285.49,18169685.03,4262.59,0.0,0.07,0.19,0.17,63
selenium,Line_CC,TESTING,-2.75,,-3.08,4273.91,55425906.11,7444.86,0.08,0.21,0.15,0.3,103
selenium,Line_EC,TESTING,-39.05,,-42.53,5075.84,86202095.93,9284.51,0.04,0.13,0.17,0.25,103
selenium,Line_CC,FEATURE,-25.32,,-51.64,302.95,242496.29,492.44,0.0,0.0,0.0,0.17,18
selenium,Line_EC,FEATURE,-396.43,,-793.86,101.44,50170.99,223.99,0.0,0.1,0.0,0.2,18
selenium,Line_CC,UPGRADE,-0.06,,-0.27,141.98,87147.31,295.21,0.08,0.08,0.31,0.25,52
selenium,Line_EC,UPGRADE,0.02,,-0.18,54.76,20497.49,143.17,0.0,0.1,0.2,0.24,52
selenium,Line_CC,RELEASE,0.08,,-0.01,3061.97,34998487.3,5915.95,0.08,0.09,0.21,0.2,95
selenium,Line_EC,RELEASE,0.09,,0.0,3022.1,34897589.08,5907.42,0.1,0.1,0.33,0.18,95
selenium,Line_CC,SUPPORT,-0.31,,-0.43,5899.16,224398870.51,14979.95,0.08,0.08,0.21,0.21,95
selenium,Line_EC,SUPPORT,-0.36,,-0.49,5082.5,232180661.29,15237.48,0.11,0.11,0.22,0.21,95
selenium,Line_CC,OTHER,-0.01,,-0.09,51093.16,13715857284.02,117114.72,0.24,0.09,0.31,0.27,114
selenium,Line_EC,OTHER,0.03,,-0.04,20685.04,1676881447.12,40949.74,0.07,0.08,0.21,0.19,114
browser-sync,Line_CC,BUG,-5.37,,-5.92,854.34,5819375.68,2412.34,0.04,0.06,0.15,0.14,103
browser-sync,Line_EC,BUG,-0.01,,-0.1,6.85,1220.62,34.94,0.0,0.0,0.0,0.0,103
browser-sync,Line_CC,DOCS,-0.37,,-1.28,37.41,2438.82,49.38,0.0,0.1,0.17,0.1,21
browser-sync,Line_EC,DOCS,1.0,,1.0,0.0,0.0,0.0,,,,,21
browser-sync,Line_CC,REFACTOR,-0.35,,2.35,148.0,29648.0,172.19,0.5,0.0,0.5,0.0,5
browser-sync,Line_EC,REFACTOR,-1.0,,3.0,28.0,1568.0,39.6,0.0,0.0,0.0,0.0,5
browser-sync,Line_CC,TESTING,-19.42,,-29.63,221.64,53199.26,230.65,0.0,0.07,0.0,0.11,28
browser-sync,Line_EC,TESTING,1.0,,1.0,0.0,0.0,0.0,,0.0,,0.5,28
browser-sync,Line_CC,FEATURE,-0.21,,-1.02,2649.32,39304259.47,6269.31,0.17,0.27,0.33,0.5,22
browser-sync,Line_EC,FEATURE,1.0,,1.0,0.0,0.0,0.0,,,,,22
browser-sync,Line_CC,UPGRADE,,,,12.02,144.4,12.02,0.0,0.0,0.0,0.25,4
browser-sync,Line_EC,UPGRADE,,,,0.0,0.0,0.0,,,,,4
generator-jhipster,Line_CC,BUG,0.13,,0.09,847.37,7749165.17,2783.73,0.24,0.1,0.31,0.19,166
generator-jhipster,Line_EC,BUG,0.2,,0.16,82.96,128308.54,358.2,0.14,0.05,0.23,0.09,166
generator-jhipster,Line_CC,DOCS,0.12,,-0.17,27.33,1997.3,44.69,0.0,0.17,0.44,0.34,35
generator-jhipster,Line_EC,DOCS,1.0,,1.0,0.0,0.0,0.0,,0.0,,0.0,35
generator-jhipster,Line_CC,REFACTOR,0.31,,0.08,1286.33,3508510.09,1873.1,0.0,0.06,0.0,0.06,34
generator-jhipster,Line_EC,REFACTOR,0.31,,0.08,6.82,352.22,18.77,0.0,0.0,0.0,0.0,34
generator-jhipster,Line_CC,TESTING,-2.38,,-2.64,266.14,308499.39,555.43,0.07,0.12,0.28,0.23,116
generator-jhipster,Line_EC,TESTING,-41.33,,-44.59,73.41,38283.93,195.66,0.11,0.0,0.22,0.02,116
generator-jhipster,Line_CC,FEATURE,-74168.6,,-103836.44,560.35,657096.3,810.61,0.0,0.03,0.0,0.03,31
generator-jhipster,Line_EC,FEATURE,0.0,,-0.4,2.49,36.85,6.07,0.0,0.0,0.0,0.0,31
generator-jhipster,Line_CC,UPGRADE,-0.01,,-0.1,458.64,3483041.28,1866.29,0.04,0.13,0.15,0.2,101
generator-jhipster,Line_EC,UPGRADE,-0.07,,-0.16,17.27,3832.3,61.91,0.0,0.0,0.0,0.0,101
generator-jhipster,Line_CC,RELEASE,0.42,,0.39,1.53,22.27,4.72,0.7,0.71,0.84,0.83,173
generator-jhipster,Line_EC,RELEASE,1.0,,1.0,0.0,0.0,0.0,,,,,173
generator-jhipster,Line_CC,SUPPORT,-0.14,,-0.28,351.82,578779.42,760.78,0.05,0.07,0.32,0.18,73
generator-jhipster,Line_EC,SUPPORT,-0.08,,-0.22,329.32,1507945.83,1227.98,0.09,0.04,0.09,0.04,73
generator-jhipster,Line_CC,OTHER,0.64,,0.62,1710.39,15396278.16,3923.81,0.16,0.11,0.22,0.25,179
generator-jhipster,Line_EC,OTHER,0.1,,0.06,3093.87,176248248.87,13275.85,0.0,0.06,0.07,0.07,179
karma,Line_CC,BUG,-0.01,,-0.09,166.65,391136.2,625.41,0.17,0.17,0.28,0.33,113
karma,Line_EC,BUG,0.23,,0.17,233.99,862049.19,928.47,0.1,0.17,0.31,0.35,113
karma,Line_CC,DOCS,0.67,,0.62,277.64,228881.44,478.42,0.2,0.07,0.27,0.12,58
karma,Line_EC,DOCS,0.62,,0.56,151.4,64381.74,253.74,0.2,0.1,0.33,0.14,58
karma,Line_CC,REFACTOR,0.85,,0.8,705.71,958502.35,979.03,0.33,0.09,0.33,0.21,34
karma,Line_EC,REFACTOR,-1.07,,-1.76,1082.74,3322454.84,1822.76,0.11,0.12,0.44,0.32,34
karma,Line_CC,TESTING,-0.21,,-0.48,196.38,77451.11,278.3,0.0,0.1,0.0,0.17,48
karma,Line_EC,TESTING,-0.37,,-0.67,141.99,66650.37,258.17,0.08,0.0,0.08,0.1,48
karma,Line_CC,FEATURE,0.65,,0.6,188.97,242340.0,492.28,0.0,0.06,0.18,0.17,66
karma,Line_EC,FEATURE,0.3,,0.2,546.93,2057942.1,1434.55,0.24,0.2,0.24,0.32,66
karma,Line_CC,UPGRADE,0.76,,0.64,3.75,35.46,5.96,0.43,0.48,0.43,0.52,27
karma,Line_EC,UPGRADE,-10348.86,,-15523.79,304.79,329505.61,574.03,0.29,0.11,0.29,0.33,27
karma,Line_CC,RELEASE,0.69,,0.67,21.43,3311.71,57.55,0.47,0.46,0.88,0.78,134
karma,Line_EC,RELEASE,0.86,,0.85,8.44,296.13,17.21,0.5,0.43,0.79,0.65,134
karma,Line_CC,SUPPORT,,,,1.0,1.0,1.0,1.0,1.0,1.0,1.0,2
karma,Line_EC,SUPPORT,,,,354.0,125316.0,354.0,0.0,0.0,0.0,0.0,2
karma,Line_CC,OTHER,-0.38,,-0.48,445.64,952004.22,975.71,0.06,0.1,0.22,0.22,127
karma,Line_EC,OTHER,0.71,,0.69,81.53,17600.31,132.67,0.22,0.11,0.31,0.17,127
jsdom,Line_CC,BUG,-1.77,,-7.31,375.56,211212.05,459.58,0.0,0.13,0.25,0.2,15
jsdom,Line_EC,BUG,1.0,,1.0,0.0,0.0,0.0,,0.0,,0.5,15
stylus,Line_CC,BUG,0.42,,-0.74,64.93,14852.61,121.87,0.25,0.44,0.75,0.81,16
stylus,Line_EC,BUG,1.0,,1.0,0.0,0.0,0.0,,0.0,,0.0,16
stylus,Line_CC,DOCS,,,,58.58,3432.01,58.58,0.0,0.0,1.0,0.25,4
stylus,Line_EC,DOCS,,,,14.0,196.0,14.0,0.0,0.0,0.0,0.0,4
stylus,Line_CC,REFACTOR,,,,42.0,1764.0,42.0,0.0,0.0,0.0,0.0,2
stylus,Line_EC,REFACTOR,,,,0.0,0.0,0.0,,,,,2
stylus,Line_CC,TESTING,,,,2.0,4.0,2.0,0.0,0.0,1.0,0.5,2
stylus,Line_EC,TESTING,,,,20.0,400.0,20.0,0.0,0.0,0.0,0.0,2
stylus,Line_CC,FEATURE,,,,0.0,0.0,0.0,,,,,2
stylus,Line_EC,FEATURE,,,,0.0,0.0,0.0,,,,,2
pomelo,Line_CC,BUG,0.91,,0.9,31.73,2822.42,53.13,0.38,0.34,0.62,0.52,64
pomelo,Line_EC,BUG,1.0,,1.0,0.0,0.0,0.0,,0.0,,0.0,64
systemjs,Line_CC,BUG,0.02,,-0.06,347.83,2198547.93,1482.75,0.14,0.15,0.29,0.24,111
systemjs,Line_EC,BUG,-0.03,,-0.11,974.81,10263227.17,3203.63,0.11,0.13,0.25,0.22,111
systemjs,Line_CC,DOCS,-0.02,,-0.53,561.47,788413.87,887.93,0.14,0.07,0.14,0.15,27
systemjs,Line_EC,DOCS,-0.43,,-1.14,1407.67,4429972.62,2104.75,0.0,0.04,0.14,0.07,27
systemjs,Line_CC,REFACTOR,0.71,,0.71,142.31,37039.06,192.46,0.33,0.5,0.67,0.58,12
systemjs,Line_EC,REFACTOR,0.94,,0.94,182.41,33273.82,182.41,0.33,0.42,0.67,0.5,12
systemjs,Line_CC,TESTING,0.72,,0.66,6197.1,114732929.71,10711.35,0.08,0.2,0.31,0.3,50
systemjs,Line_EC,TESTING,0.78,,0.74,10854.82,368648010.28,19200.21,0.15,0.14,0.31,0.24,50
systemjs,Line_CC,FEATURE,-0.52,,2.52,27.75,948.06,30.79,0.0,0.0,0.0,0.0,5
systemjs,Line_EC,FEATURE,-0.58,,2.58,56.08,3941.15,62.78,0.0,0.0,0.0,0.2,5
systemjs,Line_CC,UPGRADE,0.08,,0.08,7746.72,106970911.94,10342.67,0.33,0.36,0.67,0.45,11
systemjs,Line_EC,UPGRADE,0.16,,0.16,15249.12,386603200.7,19662.23,0.33,0.55,0.33,0.55,11
systemjs,Line_CC,RELEASE,,,,30.09,905.61,30.09,0.0,0.0,0.0,0.0,3
systemjs,Line_EC,RELEASE,,,,62.45,3900.42,62.45,0.0,0.0,0.0,0.0,3
systemjs,Line_CC,SUPPORT,-247.18,,-292.3,459.7,987234.1,993.6,0.07,0.11,0.07,0.24,54
systemjs,Line_EC,SUPPORT,-304.08,,-359.55,936.93,4854161.19,2203.22,0.07,0.09,0.21,0.19,54
systemjs,Line_CC,OTHER,0.28,,0.24,1860.06,18078330.65,4251.86,0.14,0.17,0.29,0.27,166
systemjs,Line_EC,OTHER,0.16,,0.12,4104.9,84180454.58,9174.99,0.17,0.14,0.28,0.25,166
fpm,Line_CC,BUG,0.75,,0.7,35.51,4471.81,66.87,0.15,0.14,0.38,0.39,51
fpm,Line_EC,BUG,0.5,,0.4,29.33,8308.46,91.15,0.0,0.06,0.0,0.12,51
fpm,Line_CC,DOCS,-3.6,,5.6,85.41,8703.53,93.29,0.0,0.25,0.0,0.38,8
fpm,Line_EC,DOCS,1.0,,1.0,0.0,0.0,0.0,,,,,8
fpm,Line_CC,REFACTOR,,,,76.07,5786.64,76.07,0.0,0.25,1.0,0.25,4
fpm,Line_EC,REFACTOR,,,,0.0,0.0,0.0,,,,,4
fpm,Line_CC,TESTING,0.09,,-0.52,51.88,3148.17,56.11,0.17,0.05,0.33,0.1,21
fpm,Line_EC,TESTING,-0.07,,-0.78,78.81,32285.42,179.68,0.0,0.0,0.0,0.5,21
fpm,Line_CC,FEATURE,-139.82,,-421.46,17.72,660.11,25.69,0.0,0.07,0.0,0.07,14
fpm,Line_EC,FEATURE,0.0,,-2.0,0.32,0.42,0.65,0.0,0.0,0.0,0.0,14
fpm,Line_CC,UPGRADE,-0.3,,-2.9,18.83,764.08,27.64,0.25,0.08,0.5,0.31,13
fpm,Line_EC,UPGRADE,-2.58,,-9.74,30.68,2280.44,47.75,0.0,0.0,0.0,0.0,13
fpm,Line_CC,RELEASE,-4.88,,-16.64,4.1,26.46,5.14,0.25,0.31,0.25,0.56,16
fpm,Line_EC,RELEASE,1.0,,1.0,0.0,0.0,0.0,,0.0,,0.0,16
fpm,Line_CC,SUPPORT,-1.9,,-3.83,147.09,46669.3,216.03,0.0,0.0,0.17,0.19,21
fpm,Line_EC,SUPPORT,-24.53,,-41.55,13.84,1148.72,33.89,0.0,0.17,0.0,0.17,21
fpm,Line_CC,OTHER,0.78,,0.75,70.24,11245.71,106.05,0.17,0.26,0.39,0.38,69
fpm,Line_EC,OTHER,0.26,,0.16,254.32,476065.58,689.98,0.1,0.08,0.3,0.2,69
nightwatch,Line_CC,BUG,0.16,,0.02,316.88,180345.95,424.67,0.0,0.1,0.0,0.22,60
nightwatch,Line_EC,BUG,0.0,,-0.17,7.45,833.23,28.87,0.0,0.0,0.0,0.1,60
nightwatch,Line_CC,DOCS,-9.18,,-9.18,214.66,55600.66,235.8,0.0,0.0,0.33,0.0,11
nightwatch,Line_EC,DOCS,1.0,,1.0,0.0,0.0,0.0,,,,,11
nightwatch,Line_CC,REFACTOR,-1.61,,-1.61,1882.43,5172697.62,2274.36,0.0,0.0,0.0,0.0,9
nightwatch,Line_EC,REFACTOR,1.0,,1.0,0.0,0.0,0.0,,,,,9
nightwatch,Line_CC,TESTING,-356.79,,-535.69,2604.65,46075818.46,6787.92,0.14,0.07,0.14,0.25,28
nightwatch,Line_EC,TESTING,0.96,,0.94,1.82,23.19,4.82,1.0,0.33,1.0,0.33,28
nightwatch,Line_CC,FEATURE,0.0,,0.0,0.01,0.0,0.01,0.0,0.0,0.0,0.0,10
nightwatch,Line_EC,FEATURE,1.0,,1.0,0.0,0.0,0.0,,,,,10
ng-file-upload,Line_CC,BUG,-0.13,,-0.2,1179.0,8182623.75,2860.53,0.09,0.07,0.18,0.11,135
ng-file-upload,Line_EC,BUG,-0.03,,-0.1,3.0,282.94,16.82,0.0,0.0,0.0,0.0,135
natural,Line_CC,BUG,-0.83,,-0.83,91.44,18004.79,134.18,0.0,0.0,0.0,0.11,9
natural,Line_EC,BUG,-88.8,,-88.8,2.77,19.96,4.47,0.0,0.0,0.0,0.0,9
natural,Line_CC,DOCS,,,,62.87,3952.22,62.87,0.0,0.0,0.0,0.0,4
natural,Line_EC,DOCS,,,,0.0,0.0,0.0,,,,,4
dat,Line_CC,BUG,-1.75,,-3.12,80.68,15771.24,125.58,0.14,0.07,0.29,0.07,28
dat,Line_EC,BUG,0.03,,-0.46,2372.59,20430848.53,4520.05,0.0,0.0,0.33,0.18,28
dat,Line_CC,DOCS,,,,233.54,54540.93,233.54,0.0,0.0,0.0,0.0,4
dat,Line_EC,DOCS,,,,14974.79,224244335.54,14974.79,0.0,0.0,0.0,0.25,4
middleman,Line_CC,BUG,0.41,,0.34,1420.93,23328990.77,4830.01,0.29,0.15,0.38,0.28,82
middleman,Line_EC,BUG,0.84,,0.82,10.63,776.23,27.86,0.5,0.21,0.5,0.52,82
middleman,Line_CC,DOCS,0.93,,0.93,13.71,339.5,18.43,0.33,0.55,0.33,0.55,11
middleman,Line_EC,DOCS,0.93,,0.93,13.49,374.75,19.36,0.33,0.55,0.33,0.55,11
middleman,Line_CC,REFACTOR,0.03,,-1.91,203.21,85581.38,292.54,0.25,0.0,0.5,0.25,16
middleman,Line_EC,REFACTOR,1.0,,1.0,0.0,0.0,0.0,,0.5,,0.67,16
middleman,Line_CC,TESTING,-0.04,,-0.34,2525.53,39553485.14,6289.16,0.2,0.13,0.2,0.16,38
middleman,Line_EC,TESTING,-0.1,,-0.41,9.16,774.97,27.84,0.0,0.11,0.5,0.33,38
middleman,Line_CC,FEATURE,0.88,,0.8,163.4,61052.32,247.09,0.4,0.18,0.6,0.27,24
middleman,Line_EC,FEATURE,0.68,,0.47,11.06,455.71,21.35,0.67,0.4,0.67,0.4,24
middleman,Line_CC,UPGRADE,-0.25,,-1.5,3921.1,76742684.63,8760.29,0.4,0.22,0.4,0.33,18
middleman,Line_EC,UPGRADE,0.52,,0.04,1.03,3.57,1.89,0.0,0.0,0.0,0.2,18
middleman,Line_CC,RELEASE,-7.21,,-7.21,2.13,7.29,2.7,0.33,0.56,0.33,0.67,9
middleman,Line_EC,RELEASE,1.0,,1.0,0.0,0.0,0.0,,,,,9
middleman,Line_CC,SUPPORT,0.6,,0.4,278.47,131375.37,362.46,0.14,0.25,0.29,0.36,28
middleman,Line_EC,SUPPORT,1.0,,1.0,0.0,0.0,0.0,,0.0,,0.43,28
middleman,Line_CC,OTHER,0.55,,0.51,4469.62,67215545.96,8198.51,0.29,0.19,0.42,0.27,96
middleman,Line_EC,OTHER,0.41,,0.35,1039.12,14624193.06,3824.16,0.4,0.3,0.6,0.36,96
fluentd,Line_CC,BUG,1.0,,1.0,71.02,9736.43,98.67,0.35,0.33,0.44,0.48,134
fluentd,Line_EC,BUG,1.0,,1.0,4.95,193.02,13.89,0.4,0.29,0.6,0.4,134
core-js,Line_CC,BUG,0.84,,0.83,1608.71,28826580.91,5369.04,0.31,0.2,0.55,0.41,116
core-js,Line_EC,BUG,1.0,,1.0,0.3,1.03,1.02,0.5,0.26,0.5,0.52,116
core-js,Line_CC,DOCS,-0.29,,-2.87,37.63,5513.08,74.25,0.5,0.54,0.75,0.54,13
core-js,Line_EC,DOCS,1.0,,1.0,0.0,0.0,0.0,,,,,13
core-js,Line_CC,REFACTOR,-6.79,,-14.58,2170.04,23085038.27,4804.69,0.8,0.65,0.8,0.71,17
core-js,Line_EC,REFACTOR,1.0,,1.0,0.0,0.0,0.0,,,,,17
core-js,Line_CC,TESTING,0.91,,0.89,5809.62,82553742.94,9085.91,0.21,0.27,0.29,0.36,56
core-js,Line_EC,TESTING,0.07,,-0.1,4.42,241.01,15.52,0.75,0.92,0.75,0.92,56
core-js,Line_CC,FEATURE,0.92,,0.84,493.77,609768.57,780.88,0.8,0.55,0.8,0.6,20
core-js,Line_EC,FEATURE,1.0,,1.0,0.0,0.0,0.0,,,,,20
core-js,Line_CC,UPGRADE,1.0,,1.0,0.92,2.35,1.53,1.0,0.94,1.0,0.94,18
core-js,Line_EC,UPGRADE,1.0,,1.0,0.0,0.0,0.0,,,,,18
core-js,Line_CC,RELEASE,,,,558.0,311364.0,558.0,0.0,0.0,0.0,0.0,3
core-js,Line_EC,RELEASE,,,,0.0,0.0,0.0,,,,,3
core-js,Line_CC,SUPPORT,-166.36,,-222.15,2471.04,17385128.39,4169.55,0.33,0.33,0.44,0.48,33
core-js,Line_EC,SUPPORT,1.0,,1.0,0.0,0.0,0.0,,,,,33
core-js,Line_CC,OTHER,0.98,,0.98,2323.51,15658455.44,3957.08,0.42,0.28,0.53,0.39,141
core-js,Line_EC,OTHER,-0.24,,-0.32,3.73,468.15,21.64,0.25,0.0,0.25,0.0,141
vega,Line_CC,BUG,-41.41,,-48.48,1194.61,8954167.49,2992.35,0.07,0.07,0.2,0.17,58
vega,Line_EC,BUG,-28.61,,-33.54,1072.58,9254989.33,3042.2,0.0,0.17,0.08,0.26,58
vega,Line_CC,DOCS,-305.6,,-366.92,7868.29,252559514.19,15892.12,0.15,0.08,0.23,0.19,52
vega,Line_EC,DOCS,-731.25,,-877.7,17956.09,940029653.36,30659.9,0.08,0.08,0.08,0.13,52
mathjs,Line_CC,BUG,-44.42,,-47.35,3856.25,167978830.14,12960.66,0.06,0.07,0.15,0.2,136
mathjs,Line_EC,BUG,-0.04,,-0.11,76.55,160389.47,400.49,0.0,0.12,0.17,0.19,136
mathjs,Line_CC,DOCS,0.23,,0.08,439.09,671161.78,819.24,0.15,0.1,0.23,0.26,50
mathjs,Line_EC,DOCS,0.0,,-0.2,5.2,351.52,18.75,0.0,0.0,0.0,0.0,50
mathjs,Line_CC,REFACTOR,-0.15,,-0.92,7612.53,246162437.75,15689.56,0.33,0.1,0.33,0.24,21
mathjs,Line_EC,REFACTOR,-0.2,,-1.0,10.83,704.17,26.54,0.0,0.0,0.0,0.0,21
mathjs,Line_CC,TESTING,-0.12,,-0.25,1565.97,17111174.9,4136.57,0.1,0.1,0.35,0.26,80
mathjs,Line_EC,TESTING,0.51,,0.45,22.8,9982.0,99.91,0.0,0.0,0.0,0.0,80
mathjs,Line_CC,FEATURE,-2061.16,,2063.16,45.4,2062.16,45.41,0.0,0.0,0.0,0.0,7
mathjs,Line_EC,FEATURE,1.0,,1.0,0.0,0.0,0.0,,,,,7
mathjs,Line_CC,UPGRADE,0.07,,-0.55,591.86,522517.32,722.85,0.0,0.0,0.0,0.1,21
mathjs,Line_EC,UPGRADE,1.0,,1.0,0.0,0.0,0.0,,,,,21
mathjs,Line_CC,RELEASE,0.33,,0.28,4356.56,81271159.81,9015.05,0.03,0.09,0.19,0.17,127
mathjs,Line_EC,RELEASE,1.0,,1.0,0.0,0.0,0.0,,,,,127
mathjs,Line_CC,SUPPORT,-0.61,,-1.07,542.6,543005.98,736.89,0.0,0.15,0.3,0.35,40
mathjs,Line_EC,SUPPORT,1.0,,1.0,0.0,0.0,0.0,,,,,40
mathjs,Line_CC,OTHER,0.81,,0.8,3268.33,60612463.69,7785.4,0.09,0.05,0.17,0.14,138
mathjs,Line_EC,OTHER,0.07,,0.01,147.54,188800.89,434.51,0.0,0.04,0.0,0.08,138
AutoMapper,Line_CC,BUG,0.01,,-0.32,930.69,1544491.81,1242.78,0.0,0.09,0.11,0.27,33
AutoMapper,Line_EC,BUG,-0.79,,-1.39,417.94,734673.79,857.13,0.25,0.08,0.25,0.17,33
AutoMapper,Line_CC,DOCS,0.58,,0.58,60.58,8226.95,90.7,0.0,0.22,0.0,0.22,9
AutoMapper,Line_EC,DOCS,-0.48,,-0.48,156.05,73051.69,270.28,0.0,0.0,0.0,0.0,9
AutoMapper,Line_CC,REFACTOR,0.11,,0.11,273.71,76305.8,276.24,0.0,0.0,0.33,0.09,11
AutoMapper,Line_EC,REFACTOR,0.0,,0.0,71.7,13855.05,117.71,0.0,0.0,0.0,0.0,11
AutoMapper,Line_CC,TESTING,-0.42,,-1.13,721.32,983328.61,991.63,0.14,0.04,0.29,0.14,28
AutoMapper,Line_EC,TESTING,-4.01,,-6.52,184.1,217234.56,466.08,0.33,0.22,0.33,0.44,28
AutoMapper,Line_CC,FEATURE,,,,10695.47,114393007.22,10695.47,0.0,0.0,0.0,0.0,4
AutoMapper,Line_EC,FEATURE,,,,25.48,649.23,25.48,0.0,0.0,0.0,0.0,4
AutoMapper,Line_CC,UPGRADE,-4835.12,,-4835.12,17174.58,483247309.67,21982.89,0.0,0.0,0.0,0.0,11
AutoMapper,Line_EC,UPGRADE,1.0,,1.0,0.0,0.0,0.0,,0.0,,0.0,11
AutoMapper,Line_CC,RELEASE,-0.59,,-0.59,109.49,31215.16,176.68,0.0,0.1,0.0,0.3,10
AutoMapper,Line_EC,RELEASE,1.0,,1.0,0.0,0.0,0.0,,,,,10
AutoMapper,Line_CC,SUPPORT,0.1,,-0.8,3301.14,27247089.81,5219.87,0.0,0.06,0.0,0.18,17
AutoMapper,Line_EC,SUPPORT,0.82,,0.64,13.92,968.83,31.13,0.0,0.0,1.0,0.5,17
AutoMapper,Line_CC,OTHER,-0.26,,-0.62,23065.75,1819628111.78,42657.1,0.0,0.0,0.0,0.08,39
AutoMapper,Line_EC,OTHER,0.07,,-0.2,1574.46,7973690.82,2823.77,0.0,0.05,0.17,0.3,39
linux,Line_CC,BUG,0.65,,0.64,385.78,1059645.0,1029.39,0.32,0.34,0.6,0.57,547
linux,Line_EC,BUG,0.33,,0.32,269.38,704156.86,839.14,0.17,0.23,0.42,0.47,547
linux,Line_CC,DOCS,0.37,,0.34,276.06,316768.92,562.82,0.13,0.12,0.23,0.21,212
linux,Line_EC,DOCS,0.07,,0.03,83.81,93805.63,306.28,0.2,0.11,0.4,0.26,212
linux,Line_CC,REFACTOR,-3.28,,-3.78,330.56,531478.05,729.03,0.2,0.21,0.35,0.33,78
linux,Line_EC,REFACTOR,0.08,,-0.03,87.33,22097.65,148.65,0.25,0.23,0.42,0.33,78
linux,Line_CC,TESTING,0.39,,0.37,293.06,461277.39,679.17,0.16,0.09,0.34,0.22,232
linux,Line_EC,TESTING,0.39,,0.37,124.77,97111.88,311.63,0.22,0.11,0.24,0.19,232
linux,Line_CC,FEATURE,0.2,,0.15,48.69,5731.17,75.7,0.17,0.15,0.31,0.32,142
linux,Line_EC,FEATURE,0.11,,0.06,28.98,2303.92,48.0,0.05,0.09,0.19,0.26,142
linux,Line_CC,UPGRADE,-0.07,,-0.26,149.01,129603.03,360.0,0.0,0.04,0.14,0.15,53
linux,Line_EC,UPGRADE,0.62,,0.55,12.73,472.03,21.73,0.0,0.0,0.17,0.18,53
linux,Line_CC,RELEASE,-0.02,,-0.06,135.38,596746.26,772.49,0.07,0.09,0.16,0.16,220
linux,Line_EC,RELEASE,0.28,,0.25,11.54,842.37,29.02,0.21,0.15,0.36,0.2,220
linux,Line_CC,SUPPORT,0.74,,0.73,957.36,5933268.49,2435.83,0.12,0.14,0.3,0.3,383
linux,Line_EC,SUPPORT,0.51,,0.5,595.78,2663939.23,1632.16,0.1,0.13,0.2,0.27,383
linux,Line_CC,OTHER,0.86,,0.86,3060.8,64544358.55,8033.95,0.27,0.24,0.51,0.45,559
linux,Line_EC,OTHER,-0.25,,-0.27,3987.19,180238024.18,13425.28,0.24,0.22,0.4,0.37,559
