,Project,Model,Task,MAE,MSE,RMSE,PRED_25,PRED_50,T_Records
0,Odin,Line,BUG,820.54,689435.8,830.32,0.0,1.0,102
0,Odin,Module,BUG,102.41,10989.8,104.83,0.0,0.5,102
0,angular,Line,BUG,6913.74,118225732.39,10873.17,0.3,0.49,5542
0,angular,Line,DOCS,5088.46,76719809.14,8758.98,0.26,0.5,5406
0,angular,Line,FEATURE,5662.29,73694066.43,8584.52,0.45,0.76,4454
0,angular,Line,OTHER,25095.39,2464087540.68,49639.58,0.06,0.14,5355
0,angular,Line,REFACTOR,5612.69,107693506.06,10377.55,0.36,0.61,5015
0,angular,Line,RELEASE,140.99,92278.4,303.77,0.23,0.37,4760
0,angular,Line,SUPPORT,1052.03,2111977.31,1453.26,0.04,0.26,1836
0,angular,Line,TESTING,10329.04,278780550.2,16696.72,0.1,0.19,4743
0,angular,Line,UPGRADE,2194.51,14609068.49,3822.18,0.22,0.39,3298
0,angular,Module,BUG,331.53,318555.44,564.41,0.24,0.48,5542
0,angular,Module,DOCS,113.76,35563.86,188.58,0.26,0.56,5406
0,angular,Module,FEATURE,115.53,28785.19,169.66,0.39,0.73,4454
0,angular,Module,OTHER,333.85,472187.92,687.16,0.23,0.52,5355
0,angular,Module,REFACTOR,287.32,214977.79,463.66,0.38,0.47,5015
0,angular,Module,RELEASE,2.31,12.89,3.59,0.66,0.94,4760
0,angular,Module,SUPPORT,10.32,216.27,14.71,0.22,0.37,1836
0,angular,Module,TESTING,78.96,22566.08,150.22,0.21,0.54,4743
0,angular,Module,UPGRADE,43.54,26516.56,162.84,0.59,0.73,3298
0,angular.js,Line,BUG,9560.75,259278177.51,16102.12,0.16,0.31,3332
0,angular.js,Line,DOCS,27717.8,3861566801.08,62141.51,0.1,0.25,3247
0,angular.js,Line,FEATURE,3248.54,32626868.97,5711.99,0.29,0.63,2584
0,angular.js,Line,OTHER,23014.37,1593195586.88,39914.85,0.24,0.41,3094
0,angular.js,Line,REFACTOR,4694.41,122207067.44,11054.73,0.31,0.49,2601
0,angular.js,Line,RELEASE,119.31,37877.23,194.62,0.19,0.31,2142
0,angular.js,Line,SUPPORT,64.23,7038.25,83.89,0.18,0.45,697
0,angular.js,Line,TESTING,2047.62,7230924.94,2689.04,0.28,0.57,2686
0,angular.js,Line,UPGRADE,12155.77,249807691.4,15805.31,0.0,0.0,1428
0,angular.js,Module,BUG,143.39,50393.91,224.49,0.39,0.69,3332
0,angular.js,Module,DOCS,51.66,6865.55,82.86,0.5,0.75,3247
0,angular.js,Module,FEATURE,27.64,5054.12,71.09,0.66,0.84,2584
0,angular.js,Module,OTHER,686.17,1206262.38,1098.3,0.07,0.22,3094
0,angular.js,Module,REFACTOR,24.5,1654.56,40.68,0.59,0.87,2601
0,angular.js,Module,RELEASE,2.65,13.03,3.61,0.62,0.97,2142
0,angular.js,Module,SUPPORT,5.78,75.79,8.71,0.0,0.18,697
0,angular.js,Module,TESTING,21.71,1113.26,33.37,0.57,0.82,2686
0,angular.js,Module,UPGRADE,36.91,2430.67,49.3,0.0,0.14,1428
0,ansible,Line,BUG,19288.76,1225883795.28,35012.62,0.53,0.69,4182
0,ansible,Line,DOCS,54962.77,7967557335.57,89261.17,0.36,0.4,3060
0,ansible,Line,FEATURE,9497.19,204341724.62,14294.81,0.47,0.66,2125
0,ansible,Line,OTHER,171385.09,95663417513.29,309295.03,0.54,0.58,4522
0,ansible,Line,REFACTOR,29392.08,1998763931.34,44707.54,0.45,0.45,2074
0,ansible,Line,RELEASE,356.18,270506.21,520.1,0.63,0.84,4267
0,ansible,Line,SUPPORT,7962.46,362801317.09,19047.34,0.5,0.57,3094
0,ansible,Line,TESTING,42063.53,5714498587.19,75594.3,0.56,0.69,3638
0,ansible,Line,UPGRADE,1516.93,6346297.75,2519.19,0.46,0.62,2618
0,ansible,Module,BUG,1548.62,6855592.31,2618.32,0.53,0.61,4182
0,ansible,Module,DOCS,1930.76,9531199.51,3087.26,0.36,0.4,3060
0,ansible,Module,FEATURE,117.75,30149.2,173.64,0.62,0.69,2125
0,ansible,Module,OTHER,2678.07,21073333.22,4590.57,0.55,0.67,4522
0,ansible,Module,REFACTOR,1288.28,3270907.32,1808.56,0.39,0.39,2074
0,ansible,Module,RELEASE,11.45,354.3,18.82,0.83,1.0,4267
0,ansible,Module,SUPPORT,128.77,58508.32,241.88,0.57,0.63,3094
0,ansible,Module,TESTING,1450.72,5730865.03,2393.92,0.63,0.7,3638
0,ansible,Module,UPGRADE,21.24,933.55,30.55,0.64,0.72,2618
0,brew,Line,BUG,1273.3,21517165.59,4638.66,0.0,0.05,1462
0,brew,Line,DOCS,128.25,90681.69,301.13,0.0,0.07,935
0,brew,Line,FEATURE,0.0,0.0,0.0,,,170
0,brew,Line,OTHER,1640.51,26130741.88,5111.82,0.11,0.19,1819
0,brew,Line,REFACTOR,390.42,203249.03,450.83,0.0,0.0,459
0,brew,Line,RELEASE,3.23,11.31,3.36,0.0,0.0,136
0,brew,Line,SUPPORT,53.28,11380.53,106.68,0.0,0.0,340
0,brew,Line,TESTING,732.16,4408156.41,2099.56,0.0,0.06,1122
0,brew,Line,UPGRADE,57.25,3941.58,62.78,0.06,0.06,1207
0,brew,Module,BUG,58.61,14797.64,121.65,0.18,0.36,1462
0,brew,Module,DOCS,11.98,403.4,20.08,0.14,0.21,935
0,brew,Module,FEATURE,0.0,0.0,0.0,,,170
0,brew,Module,OTHER,83.06,19346.15,139.09,0.22,0.33,1819
0,brew,Module,REFACTOR,105.01,11596.11,107.69,0.0,0.43,459
0,brew,Module,RELEASE,1.03,1.07,1.03,0.0,1.0,136
0,brew,Module,SUPPORT,2.87,8.43,2.9,0.2,0.2,340
0,brew,Module,TESTING,16.43,556.38,23.59,0.18,0.24,1122
0,brew,Module,UPGRADE,28.0,942.97,30.71,0.17,0.44,1207
0,cf-deployment,Line,BUG,78.97,9667.21,98.32,0.06,0.12,1088
0,cf-deployment,Line,DOCS,48.51,3490.24,59.08,0.5,0.75,272
0,cf-deployment,Line,FEATURE,9.87,97.42,9.87,0.0,1.0,34
0,cf-deployment,Line,OTHER,895.48,1642199.4,1281.48,0.09,0.23,2363
0,cf-deployment,Line,REFACTOR,170.04,35076.43,187.29,0.0,0.0,85
0,cf-deployment,Line,RELEASE,798.91,9459897.18,3075.69,0.14,0.34,2380
0,cf-deployment,Line,SUPPORT,157.22,66584.4,258.04,0.43,0.57,425
0,cf-deployment,Line,TESTING,1036.45,13744694.18,3707.38,0.15,0.35,1343
0,cf-deployment,Line,UPGRADE,51.79,4797.85,69.27,0.0,0.5,136
0,cf-deployment,Module,BUG,3.01,22.8,4.77,0.81,0.88,1088
0,cf-deployment,Module,DOCS,2.08,7.86,2.8,0.5,0.5,272
0,cf-deployment,Module,FEATURE,1.44,2.06,1.44,0.0,1.0,34
0,cf-deployment,Module,OTHER,16.42,490.14,22.14,0.31,0.49,2363
0,cf-deployment,Module,REFACTOR,26.65,880.38,29.67,0.0,0.0,85
0,cf-deployment,Module,RELEASE,6.35,89.07,9.44,0.71,0.97,2380
0,cf-deployment,Module,SUPPORT,4.52,62.49,7.91,0.86,1.0,425
0,cf-deployment,Module,TESTING,8.79,408.7,20.22,0.5,0.85,1343
0,cf-deployment,Module,UPGRADE,0.74,0.8,0.89,0.5,1.0,136
0,cinder,Line,BUG,36559.76,8128349389.54,90157.36,0.05,0.12,2686
0,cinder,Line,DOCS,954.21,1852148.71,1360.94,0.38,0.48,1394
0,cinder,Line,FEATURE,1162.88,3139163.43,1771.77,0.13,0.4,969
0,cinder,Line,OTHER,308067.72,519766652318.88,720948.44,0.02,0.15,2737
0,cinder,Line,REFACTOR,7801.91,82355472.33,9074.99,0.25,0.25,1037
0,cinder,Line,RELEASE,1644.83,5927569.1,2434.66,0.05,0.05,1360
0,cinder,Line,SUPPORT,3496.33,22641704.23,4758.33,0.29,0.39,2074
0,cinder,Line,TESTING,3676.87,29781424.53,5457.24,0.23,0.42,2057
0,cinder,Line,UPGRADE,538.16,644774.57,802.98,0.2,0.45,1360
0,cinder,Module,BUG,97.23,26599.83,163.09,0.75,0.88,2686
0,cinder,Module,DOCS,24.82,1784.22,42.24,0.52,0.76,1394
0,cinder,Module,FEATURE,18.46,490.01,22.14,0.07,0.47,969
0,cinder,Module,OTHER,388.61,380872.86,617.15,0.39,0.63,2737
0,cinder,Module,REFACTOR,35.48,2013.21,44.87,0.25,0.5,1037
0,cinder,Module,RELEASE,21.63,737.88,27.16,0.15,0.4,1360
0,cinder,Module,SUPPORT,48.85,5123.37,71.58,0.29,0.52,2074
0,cinder,Module,TESTING,161.57,70476.5,265.47,0.16,0.45,2057
0,cinder,Module,UPGRADE,13.81,354.8,18.84,0.35,0.75,1360
0,cli,Line,BUG,319.75,163074.65,403.83,0.5,0.62,544
0,cli,Line,DOCS,110.54,14172.33,119.05,0.0,0.0,187
0,cli,Line,FEATURE,1244.81,4558637.47,2135.1,0.67,0.67,170
0,cli,Line,OTHER,53855.2,5659204040.79,75227.68,0.0,0.22,612
0,cli,Line,REFACTOR,1749.75,6417417.24,2533.26,0.14,0.57,425
0,cli,Line,RELEASE,164.44,37803.6,194.43,0.25,0.5,221
0,cli,Line,SUPPORT,914.13,1349404.09,1161.64,0.17,0.5,357
0,cli,Line,TESTING,102830.41,85358453082.27,292161.69,0.0,0.67,561
0,cli,Line,UPGRADE,9289.65,197880855.35,14067.01,0.17,0.17,357
0,cli,Module,BUG,11.44,264.19,16.25,0.75,0.88,544
0,cli,Module,DOCS,8.69,101.74,10.09,0.33,0.67,187
0,cli,Module,FEATURE,20.33,1116.46,33.41,0.67,1.0,170
0,cli,Module,OTHER,181.23,70182.5,264.92,0.67,0.78,612
0,cli,Module,REFACTOR,60.91,8775.64,93.68,0.43,0.57,425
0,cli,Module,RELEASE,5.22,32.0,5.66,0.25,0.5,221
0,cli,Module,SUPPORT,17.81,683.42,26.14,0.33,0.67,357
0,cli,Module,TESTING,551.45,1559213.24,1248.68,0.11,0.44,561
0,cli,Module,UPGRADE,101.08,28790.87,169.68,0.0,0.33,357
0,elasticsearch,Line,BUG,17288.82,715740278.87,26753.32,0.47,0.58,2533
0,elasticsearch,Line,DOCS,18572.72,833021327.01,28862.11,0.59,0.73,2516
0,elasticsearch,Line,FEATURE,119813.66,23446591279.71,153122.8,0.44,0.44,1785
0,elasticsearch,Line,OTHER,375555.64,267879311592.73,517570.59,0.42,0.61,2550
0,elasticsearch,Line,REFACTOR,13402.39,388000074.22,19697.72,0.74,0.85,1836
0,elasticsearch,Line,RELEASE,2872.75,21777807.14,4666.67,0.86,0.94,2414
0,elasticsearch,Line,SUPPORT,80322.28,21808980594.8,147678.64,0.58,0.64,2227
0,elasticsearch,Line,TESTING,62249.21,10374618316.47,101855.87,0.56,0.69,2448
0,elasticsearch,Line,UPGRADE,36286.31,4096997276.59,64007.79,0.48,0.55,2244
0,elasticsearch,Module,BUG,1344.24,6028552.69,2455.31,0.39,0.53,2533
0,elasticsearch,Module,DOCS,386.02,402801.5,634.67,0.7,0.78,2516
0,elasticsearch,Module,FEATURE,662.23,1086825.95,1042.51,0.7,0.85,1785
0,elasticsearch,Module,OTHER,19331.46,625354445.04,25007.09,0.37,0.39,2550
0,elasticsearch,Module,REFACTOR,434.37,366220.42,605.16,0.67,0.78,1836
0,elasticsearch,Module,RELEASE,740.28,908421.54,953.11,0.42,0.56,2414
0,elasticsearch,Module,SUPPORT,1177.81,5483533.46,2341.69,0.67,0.79,2227
0,elasticsearch,Module,TESTING,1932.86,11685116.21,3418.35,0.53,0.78,2448
0,elasticsearch,Module,UPGRADE,2375.1,19915104.09,4462.63,0.7,0.76,2244
0,gitlabhq,Line,BUG,1673.76,13102830.81,3619.78,0.31,0.54,13549
0,gitlabhq,Line,DOCS,669.07,1085594.09,1041.92,0.33,0.56,9027
0,gitlabhq,Line,FEATURE,959.86,4015615.5,2003.9,0.25,0.44,7599
0,gitlabhq,Line,OTHER,22990.46,3555744584.85,59630.06,0.35,0.42,15079
0,gitlabhq,Line,REFACTOR,1607.44,16524861.92,4065.08,0.25,0.44,5984
0,gitlabhq,Line,RELEASE,277.11,272590.13,522.1,0.03,0.3,4505
0,gitlabhq,Line,SUPPORT,1144.69,5162292.25,2272.07,0.13,0.34,5627
0,gitlabhq,Line,TESTING,1100.75,6403314.71,2530.48,0.41,0.59,7565
0,gitlabhq,Line,UPGRADE,1998.23,41889190.26,6472.19,0.26,0.34,6137
0,gitlabhq,Module,BUG,45.43,4811.52,69.37,0.55,0.83,13549
0,gitlabhq,Module,DOCS,25.75,1693.29,41.15,0.42,0.68,9027
0,gitlabhq,Module,FEATURE,30.37,3175.07,56.35,0.27,0.54,7599
0,gitlabhq,Module,OTHER,274.56,267016.29,516.74,0.57,0.76,15079
0,gitlabhq,Module,REFACTOR,32.62,5523.55,74.32,0.33,0.51,5984
0,gitlabhq,Module,RELEASE,12.1,557.67,23.62,0.15,0.42,4505
0,gitlabhq,Module,SUPPORT,20.41,837.01,28.93,0.33,0.48,5627
0,gitlabhq,Module,TESTING,25.22,1695.24,41.17,0.51,0.73,7565
0,gitlabhq,Module,UPGRADE,16.77,3446.68,58.71,0.31,0.6,6137
0,home-assistant,Line,BUG,588.99,1826774.75,1351.58,0.82,0.86,4947
0,home-assistant,Line,DOCS,1104.79,1557955.06,1248.18,0.44,0.56,578
0,home-assistant,Line,FEATURE,2808.2,43883120.97,6624.43,0.82,0.82,714
0,home-assistant,Line,OTHER,8626.72,474478659.53,21782.53,0.62,0.67,6256
0,home-assistant,Line,REFACTOR,5668.12,183246229.05,13536.85,0.77,0.77,833
0,home-assistant,Line,RELEASE,2.29,6.61,2.57,0.0,0.04,1717
0,home-assistant,Line,SUPPORT,1515.83,8549080.82,2923.88,0.69,0.88,1768
0,home-assistant,Line,TESTING,6557.6,111941472.92,10580.24,0.48,0.57,1547
0,home-assistant,Line,UPGRADE,515.66,523581.42,723.59,0.5,0.57,1887
0,home-assistant,Module,BUG,86.54,37407.67,193.41,0.81,0.85,4947
0,home-assistant,Module,DOCS,103.92,12894.13,113.55,0.11,0.44,578
0,home-assistant,Module,FEATURE,55.31,15831.27,125.82,0.82,0.82,714
0,home-assistant,Module,OTHER,1436.43,6341803.26,2518.29,0.6,0.64,6256
0,home-assistant,Module,REFACTOR,26.01,2494.77,49.95,0.85,1.0,833
0,home-assistant,Module,RELEASE,1.99,4.14,2.04,1.0,1.0,1717
0,home-assistant,Module,SUPPORT,25.46,1992.61,44.64,0.73,0.88,1768
0,home-assistant,Module,TESTING,92.98,44290.34,210.45,0.57,0.65,1547
0,home-assistant,Module,UPGRADE,44.71,5833.71,76.38,0.61,0.75,1887
0,kubernetes,Line,BUG,29475.39,4061948501.14,63733.42,0.12,0.16,5219
0,kubernetes,Line,DOCS,28745.14,1549755744.49,39366.94,0.04,0.16,3468
0,kubernetes,Line,FEATURE,915.34,2024706.86,1422.92,0.25,0.33,2414
0,kubernetes,Line,OTHER,114952.96,67533126438.72,259871.37,0.55,0.64,8007
0,kubernetes,Line,REFACTOR,4737.93,92211559.46,9602.69,0.32,0.42,2703
0,kubernetes,Line,RELEASE,35416.2,7709154527.42,87801.79,0.0,0.05,5168
0,kubernetes,Line,SUPPORT,91983.29,24252440160.62,155731.95,0.2,0.2,3723
0,kubernetes,Line,TESTING,49049.72,20964855975.39,144792.46,0.08,0.15,4454
0,kubernetes,Line,UPGRADE,10844.6,484576998.02,22013.11,0.12,0.23,3825
0,kubernetes,Module,BUG,450.73,893673.35,945.34,0.12,0.23,5219
0,kubernetes,Module,DOCS,546.63,687986.59,829.45,0.08,0.2,3468
0,kubernetes,Module,FEATURE,60.49,8047.62,89.71,0.08,0.25,2414
0,kubernetes,Module,OTHER,912.82,3359704.93,1832.95,0.58,0.67,8007
0,kubernetes,Module,REFACTOR,172.13,109904.16,331.52,0.12,0.4,2703
0,kubernetes,Module,RELEASE,202.37,122096.6,349.42,0.17,0.33,5168
0,kubernetes,Module,SUPPORT,426.79,565655.09,752.1,0.22,0.33,3723
0,kubernetes,Module,TESTING,331.6,513503.15,716.59,0.17,0.27,4454
0,kubernetes,Module,UPGRADE,54.56,6695.57,81.83,0.16,0.39,3825
0,linux,Line,BUG,1017.64,4102671.87,2025.51,0.15,0.25,9435
0,linux,Line,DOCS,374.65,576435.54,759.23,0.16,0.35,3740
0,linux,Line,FEATURE,110.38,17616.57,132.73,0.11,0.38,2465
0,linux,Line,OTHER,15958.64,1500043932.08,38730.4,0.05,0.11,9639
0,linux,Line,REFACTOR,467.1,1205114.02,1097.78,0.14,0.48,1377
0,linux,Line,RELEASE,130.82,577236.93,759.76,0.11,0.25,3791
0,linux,Line,SUPPORT,1653.86,27867086.22,5278.93,0.33,0.45,6647
0,linux,Line,TESTING,296.74,260863.55,510.75,0.1,0.35,4080
0,linux,Line,UPGRADE,58.54,7932.17,89.06,0.29,0.5,952
0,linux,Module,BUG,29.04,1445.63,38.02,0.31,0.59,9435
0,linux,Module,DOCS,6.88,115.77,10.76,0.11,0.47,3740
0,linux,Module,FEATURE,3.36,30.98,5.57,0.43,0.57,2465
0,linux,Module,OTHER,127.85,44998.94,212.13,0.15,0.24,9639
0,linux,Module,REFACTOR,4.32,49.48,7.03,0.19,0.33,1377
0,linux,Module,RELEASE,10.11,3513.61,59.28,0.46,0.68,3791
0,linux,Module,SUPPORT,12.64,917.1,30.28,0.41,0.55,6647
0,linux,Module,TESTING,4.45,92.49,9.62,0.43,0.58,4080
0,linux,Module,UPGRADE,2.3,7.81,2.79,0.21,0.71,952
0,lock,Line,BUG,1005.25,4686833.91,2164.91,0.19,0.45,2856
0,lock,Line,DOCS,2.59,6.79,2.61,1.0,1.0,136
0,lock,Line,FEATURE,5939.67,49965550.5,7068.63,0.17,0.33,357
0,lock,Line,OTHER,4034.3,113571577.78,10657.0,0.09,0.64,3740
0,lock,Line,REFACTOR,79.06,10314.98,101.56,0.0,0.0,85
0,lock,Line,RELEASE,289.15,275212.39,524.61,0.7,0.78,4063
0,lock,Line,SUPPORT,1156.01,5625895.96,2371.9,0.71,0.79,918
0,lock,Line,TESTING,5323.97,76941084.22,8771.61,0.43,0.86,918
0,lock,Line,UPGRADE,5081.5,33769779.15,5811.18,0.0,0.38,493
0,lock,Module,BUG,73.95,21305.86,145.97,0.14,0.55,2856
0,lock,Module,DOCS,0.0,0.0,0.0,1.0,1.0,136
0,lock,Module,FEATURE,318.31,135136.95,367.61,0.33,0.83,357
0,lock,Module,OTHER,131.78,34520.72,185.8,0.02,0.35,3740
0,lock,Module,REFACTOR,3.66,22.16,4.71,0.5,0.5,85
0,lock,Module,RELEASE,4.99,134.66,11.6,0.97,0.97,4063
0,lock,Module,SUPPORT,29.23,3694.06,60.78,0.64,0.79,918
0,lock,Module,TESTING,54.8,9782.1,98.9,0.57,0.57,918
0,lock,Module,UPGRADE,30.4,1419.3,37.67,0.5,0.5,493
0,mesos,Line,BUG,1242.16,4070596.67,2017.57,0.48,0.85,1785
0,mesos,Line,DOCS,2392.94,17585497.29,4193.51,0.21,0.26,1292
0,mesos,Line,FEATURE,16.83,385.61,19.64,0.4,0.8,629
0,mesos,Line,OTHER,11797.45,255553284.73,15986.03,0.36,0.64,1853
0,mesos,Line,REFACTOR,1756.68,8183661.56,2860.71,0.56,0.83,1207
0,mesos,Line,RELEASE,547.87,594763.77,771.21,0.47,0.58,1241
0,mesos,Line,SUPPORT,1812.04,5602360.39,2366.93,0.16,0.58,1258
0,mesos,Line,TESTING,4381.17,61949435.15,7870.8,0.48,0.78,1513
0,mesos,Line,UPGRADE,10446.77,266400670.38,16321.79,0.0,0.06,1207
0,mesos,Module,BUG,21.52,846.64,29.1,0.89,0.96,1785
0,mesos,Module,DOCS,31.38,2715.68,52.11,0.21,0.84,1292
0,mesos,Module,FEATURE,0.28,0.11,0.33,1.0,1.0,629
0,mesos,Module,OTHER,215.22,90993.93,301.65,0.43,0.75,1853
0,mesos,Module,REFACTOR,14.31,344.61,18.56,0.44,0.83,1207
0,mesos,Module,RELEASE,6.17,70.52,8.4,0.58,0.89,1241
0,mesos,Module,SUPPORT,26.86,1160.75,34.07,0.42,0.74,1258
0,mesos,Module,TESTING,35.41,2729.16,52.24,0.65,0.7,1513
0,mesos,Module,UPGRADE,12.65,270.26,16.44,0.22,0.5,1207
0,moby,Line,BUG,184.23,96691.2,310.95,0.11,0.44,578
0,moby,Line,DOCS,21.5,598.66,24.47,0.0,0.17,374
0,moby,Line,FEATURE,0.0,0.0,0.0,,,238
0,moby,Line,REFACTOR,67.33,7170.6,84.68,0.0,0.0,391
0,moby,Line,TESTING,2839.3,16966024.9,4118.98,0.12,0.38,510
0,moby,Line,UPGRADE,2.62,6.87,2.62,0.0,0.0,357
0,moby,Module,BUG,15.0,681.74,26.11,0.56,0.56,578
0,moby,Module,DOCS,0.98,1.16,1.08,0.17,0.67,374
0,moby,Module,FEATURE,0.0,0.0,0.0,,,238
0,moby,Module,REFACTOR,16.18,327.35,18.09,0.0,0.5,391
0,moby,Module,TESTING,63.53,5944.38,77.1,0.12,0.25,510
0,moby,Module,UPGRADE,0.0,0.0,0.0,1.0,1.0,357
0,neutron,Line,BUG,29624.34,3625779154.48,60214.44,0.0,0.03,2499
0,neutron,Line,DOCS,1324.24,3167127.72,1779.64,0.15,0.3,1360
0,neutron,Line,FEATURE,648.18,549071.05,740.99,0.18,0.73,714
0,neutron,Line,OTHER,487926.66,856624158389.9,925539.93,0.0,0.03,2584
0,neutron,Line,REFACTOR,1351.46,2838964.85,1684.92,0.29,0.48,1428
0,neutron,Line,RELEASE,4420.63,57847116.01,7605.73,0.07,0.07,1802
0,neutron,Line,SUPPORT,5635.9,64477408.78,8029.78,0.07,0.17,2023
0,neutron,Line,TESTING,7295.31,209575423.68,14476.72,0.23,0.34,2346
0,neutron,Line,UPGRADE,2127.18,18927870.57,4350.62,0.08,0.12,1768
0,neutron,Module,BUG,86.18,15215.52,123.35,0.57,0.86,2499
0,neutron,Module,DOCS,43.22,3931.92,62.7,0.3,0.55,1360
0,neutron,Module,FEATURE,17.8,479.67,21.9,0.27,0.73,714
0,neutron,Module,OTHER,1075.83,2772819.72,1665.18,0.34,0.63,2584
0,neutron,Module,REFACTOR,56.27,4673.42,68.36,0.14,0.48,1428
0,neutron,Module,RELEASE,13.78,331.92,18.22,0.07,0.67,1802
0,neutron,Module,SUPPORT,71.79,10391.29,101.94,0.37,0.63,2023
0,neutron,Module,TESTING,167.65,88125.2,296.86,0.26,0.49,2346
0,neutron,Module,UPGRADE,22.24,1937.37,44.02,0.19,0.23,1768
0,nixpkgs,Line,BUG,2786.11,27063231.3,5202.23,0.1,0.8,629
0,nixpkgs,Line,DOCS,3660.88,34550627.91,5877.98,0.14,0.14,425
0,nixpkgs,Line,FEATURE,2247.23,18821971.64,4338.43,0.0,0.0,425
0,nixpkgs,Line,OTHER,32806.4,1862725774.66,43159.31,0.3,0.5,646
0,nixpkgs,Line,REFACTOR,1916.71,13755792.14,3708.88,0.2,0.6,306
0,nixpkgs,Line,RELEASE,896.04,1415992.24,1189.95,0.0,0.0,544
0,nixpkgs,Line,SUPPORT,613.35,706795.0,840.71,0.11,0.56,578
0,nixpkgs,Line,TESTING,2614.04,26271445.35,5125.57,0.56,0.67,561
0,nixpkgs,Line,UPGRADE,480.34,548556.19,740.65,0.33,0.56,612
0,nixpkgs,Module,BUG,36.95,2173.43,46.62,0.6,0.9,629
0,nixpkgs,Module,DOCS,22.34,1193.66,34.55,0.29,0.71,425
0,nixpkgs,Module,FEATURE,5.67,51.79,7.2,0.0,0.43,425
0,nixpkgs,Module,OTHER,550.43,507893.95,712.67,0.4,0.7,646
0,nixpkgs,Module,REFACTOR,90.88,21117.29,145.32,0.0,0.2,306
0,nixpkgs,Module,RELEASE,4.55,39.33,6.27,0.75,0.75,544
0,nixpkgs,Module,SUPPORT,17.45,758.08,27.53,0.78,1.0,578
0,nixpkgs,Module,TESTING,105.99,24579.89,156.78,0.22,0.67,561
0,nixpkgs,Module,UPGRADE,12.68,471.24,21.71,0.78,1.0,612
0,node,Line,BUG,11142.91,236908723.82,15391.84,0.36,0.66,4760
0,node,Line,DOCS,10741.84,196648131.69,14023.13,0.21,0.33,3927
0,node,Line,FEATURE,184.96,93055.16,305.05,0.19,0.49,2499
0,node,Line,OTHER,357507.48,239628567185.89,489518.71,0.48,0.67,5083
0,node,Line,REFACTOR,6343.3,77523073.01,8804.72,0.58,0.78,3978
0,node,Line,RELEASE,137.99,34417.1,185.52,0.76,0.94,4199
0,node,Line,SUPPORT,1806.5,8756189.02,2959.09,0.46,0.78,4233
0,node,Line,TESTING,6611.25,104991740.94,10246.55,0.58,0.72,4675
0,node,Line,UPGRADE,150022.77,38326307813.97,195771.06,0.57,0.9,4267
0,node,Module,BUG,170.43,64500.24,253.97,0.79,0.87,4760
0,node,Module,DOCS,48.19,4115.03,64.15,0.28,0.78,3927
0,node,Module,FEATURE,6.04,48.69,6.98,0.22,0.49,2499
0,node,Module,OTHER,2338.51,9689442.81,3112.79,0.68,0.83,5083
0,node,Module,REFACTOR,71.84,9697.29,98.47,0.49,0.85,3978
0,node,Module,RELEASE,3.25,17.14,4.14,0.92,0.98,4199
0,node,Module,SUPPORT,16.41,637.4,25.25,0.78,0.9,4233
0,node,Module,TESTING,388.82,293140.0,541.42,0.59,0.78,4675
0,node,Module,UPGRADE,1759.29,5308295.3,2303.97,0.6,0.89,4267
0,nova,Line,BUG,43380.13,8730141600.94,93435.23,0.02,0.1,3468
0,nova,Line,DOCS,5046.86,73932820.0,8598.42,0.31,0.37,2363
0,nova,Line,FEATURE,632.06,942130.29,970.63,0.12,0.12,1598
0,nova,Line,OTHER,332570.29,421564737472.67,649280.17,0.1,0.13,3519
0,nova,Line,REFACTOR,2544.63,24855472.78,4985.53,0.48,0.7,2244
0,nova,Line,RELEASE,2567.72,23515107.86,4849.24,0.08,0.17,2448
0,nova,Line,SUPPORT,13953.2,405773957.81,20143.83,0.03,0.08,2618
0,nova,Line,TESTING,9078.08,270725303.73,16453.73,0.31,0.5,3230
0,nova,Line,UPGRADE,1912.51,7967201.31,2822.62,0.12,0.36,1666
0,nova,Module,BUG,219.98,199374.98,446.51,0.61,0.86,3468
0,nova,Module,DOCS,31.14,2912.4,53.97,0.46,0.63,2363
0,nova,Module,FEATURE,13.6,446.84,21.14,0.17,0.38,1598
0,nova,Module,OTHER,818.41,2738247.21,1654.77,0.4,0.71,3519
0,nova,Module,REFACTOR,102.64,42641.52,206.5,0.03,0.27,2244
0,nova,Module,RELEASE,10.36,265.1,16.28,0.39,0.67,2448
0,nova,Module,SUPPORT,625.8,912355.35,955.17,0.08,0.08,2618
0,nova,Module,TESTING,285.16,277817.35,527.08,0.21,0.38,3230
0,nova,Module,UPGRADE,22.35,913.06,30.22,0.28,0.44,1666
0,office-js,Line,BUG,11.75,233.01,15.26,0.83,1.0,357
0,office-js,Module,BUG,0.36,0.25,0.5,1.0,1.0,357
0,orleans,Line,BUG,362.1,227613.0,477.09,0.43,0.62,1377
0,orleans,Line,DOCS,65.06,6877.13,82.93,0.6,0.8,340
0,orleans,Line,FEATURE,503.37,273894.93,523.35,0.0,0.6,306
0,orleans,Line,OTHER,13249.66,488865179.89,22110.3,0.39,0.43,1530
0,orleans,Line,REFACTOR,573.52,353351.65,594.43,0.5,0.5,255
0,orleans,Line,RELEASE,19.25,918.0,30.3,0.43,0.57,442
0,orleans,Line,SUPPORT,945.73,1331653.77,1153.97,0.15,0.15,850
0,orleans,Line,TESTING,883.3,1104327.91,1050.87,0.29,0.29,1105
0,orleans,Line,UPGRADE,182.39,38715.88,196.76,0.4,0.8,340
0,orleans,Module,BUG,20.71,702.44,26.5,0.57,0.71,1377
0,orleans,Module,DOCS,7.46,59.91,7.74,0.0,0.6,340
0,orleans,Module,FEATURE,77.26,7259.46,85.2,0.2,0.4,306
0,orleans,Module,OTHER,539.78,670631.15,818.92,0.35,0.39,1530
0,orleans,Module,REFACTOR,13.62,240.94,15.52,0.5,1.0,255
0,orleans,Module,RELEASE,0.65,0.49,0.7,0.14,0.14,442
0,orleans,Module,SUPPORT,26.7,1053.63,32.46,0.31,0.54,850
0,orleans,Module,TESTING,68.85,7814.99,88.4,0.29,0.59,1105
0,orleans,Module,UPGRADE,41.76,4581.84,67.69,0.2,0.6,340
0,react,Line,BUG,29661.73,2920770964.15,54044.16,0.52,0.52,1666
0,react,Line,DOCS,23723.24,1190667900.99,34506.06,0.82,0.82,1122
0,react,Line,FEATURE,13961.71,293990197.49,17146.14,0.33,0.67,374
0,react,Line,OTHER,61219.04,34900322716.76,186816.28,0.54,0.61,1887
0,react,Line,REFACTOR,6413.21,77067003.77,8778.78,0.86,0.86,425
0,react,Line,RELEASE,2724.8,16612118.77,4075.8,0.69,0.75,1037
0,react,Line,SUPPORT,10486.34,371829533.95,19282.88,0.42,0.67,799
0,react,Line,TESTING,72130.67,18546872133.32,136186.9,0.06,0.75,1088
0,react,Line,UPGRADE,926.74,2113049.09,1453.63,0.89,0.89,578
0,react,Module,BUG,141.88,58801.03,242.49,0.6,0.72,1666
0,react,Module,DOCS,310.37,169875.93,412.16,0.82,0.82,1122
0,react,Module,FEATURE,182.26,60786.99,246.55,0.67,0.83,374
0,react,Module,OTHER,1663.86,20966594.21,4578.93,0.57,0.61,1887
0,react,Module,REFACTOR,52.24,3437.27,58.63,0.71,0.71,425
0,react,Module,RELEASE,170.16,116463.02,341.27,0.0,0.88,1037
0,react,Module,SUPPORT,83.29,18078.11,134.45,0.58,0.75,799
0,react,Module,TESTING,415.94,443419.08,665.9,0.69,0.75,1088
0,react,Module,UPGRADE,51.44,10102.35,100.51,0.78,0.78,578
0,roslyn,Line,BUG,21360.07,1183303807.42,34399.18,0.29,0.36,935
0,roslyn,Line,DOCS,1743.96,6652775.49,2579.3,0.57,0.57,476
0,roslyn,Line,FEATURE,59614.82,5136823917.8,71671.64,0.0,0.0,561
0,roslyn,Line,OTHER,175052.89,64563157526.89,254092.81,0.25,0.38,1037
0,roslyn,Line,REFACTOR,48195.99,5977847799.28,77316.54,0.44,0.44,595
0,roslyn,Line,RELEASE,392.17,369377.14,607.76,0.12,0.38,493
0,roslyn,Line,SUPPORT,587207.39,903079517077.73,950304.96,0.27,0.27,697
0,roslyn,Line,TESTING,285910.96,198308362671.16,445318.27,0.0,0.08,765
0,roslyn,Line,UPGRADE,2703.47,19803984.45,4450.17,0.38,0.62,510
0,roslyn,Module,BUG,829.86,1410832.35,1187.78,0.36,0.57,935
0,roslyn,Module,DOCS,1064.44,3748950.81,1936.22,0.14,0.14,476
0,roslyn,Module,FEATURE,1442.53,3936669.72,1984.1,0.22,0.44,561
0,roslyn,Module,OTHER,2649.71,12201605.25,3493.08,0.31,0.38,1037
0,roslyn,Module,REFACTOR,1015.54,1587913.88,1260.12,0.44,0.56,595
0,roslyn,Module,RELEASE,27.01,1287.07,35.88,0.12,0.5,493
0,roslyn,Module,SUPPORT,1346.39,4658728.04,2158.41,0.27,0.36,697
0,roslyn,Module,TESTING,1490.52,5810487.37,2410.5,0.0,0.42,765
0,roslyn,Module,UPGRADE,196.11,117160.41,342.29,0.38,0.38,510
0,tensorflow,Line,BUG,28283.6,10681870240.17,103353.13,0.24,0.33,1428
0,tensorflow,Line,DOCS,8620.97,134747369.22,11608.07,0.17,0.25,799
0,tensorflow,Line,FEATURE,5605.56,43568314.46,6600.63,0.11,0.22,595
0,tensorflow,Line,OTHER,322355.36,299296963162.02,547080.4,0.22,0.22,1530
0,tensorflow,Line,REFACTOR,6797.44,92193934.91,9601.77,0.22,0.56,595
0,tensorflow,Line,RELEASE,19187.37,1405569080.85,37490.92,0.12,0.35,1105
0,tensorflow,Line,SUPPORT,3052.24,14251592.71,3775.13,0.73,0.73,714
0,tensorflow,Line,TESTING,10095.34,219770274.81,14824.65,0.33,0.4,1003
0,tensorflow,Line,UPGRADE,28433.76,1475590429.54,38413.41,0.0,0.0,901
0,tensorflow,Module,BUG,244.38,93829.05,306.32,0.19,0.43,1428
0,tensorflow,Module,DOCS,490.5,382773.21,618.69,0.17,0.33,799
0,tensorflow,Module,FEATURE,47.45,3785.6,61.53,0.33,0.44,595
0,tensorflow,Module,OTHER,5297.38,92396811.33,9612.33,0.17,0.43,1530
0,tensorflow,Module,REFACTOR,118.02,32712.63,180.87,0.22,0.44,595
0,tensorflow,Module,RELEASE,25.46,2001.09,44.73,0.47,0.71,1105
0,tensorflow,Module,SUPPORT,101.79,20813.38,144.27,0.73,0.73,714
0,tensorflow,Module,TESTING,140.7,54417.77,233.28,0.47,0.6,1003
0,tensorflow,Module,UPGRADE,21.64,772.96,27.8,0.36,0.57,901
0,vue,Line,BUG,91.77,25447.19,159.52,1.0,1.0,2006
0,vue,Line,DOCS,42.64,2289.09,47.84,0.67,0.67,187
0,vue,Line,FEATURE,56.73,4419.68,66.48,0.5,0.5,408
0,vue,Line,OTHER,6591.69,121604094.76,11027.42,0.18,0.36,2193
0,vue,Line,REFACTOR,179.59,65351.82,255.64,0.09,0.18,714
0,vue,Line,RELEASE,463.17,989282.72,994.63,0.07,0.07,1887
0,vue,Line,SUPPORT,69.19,8792.82,93.77,0.36,0.55,697
0,vue,Line,TESTING,284.95,186623.24,432.0,0.33,0.47,969
0,vue,Line,UPGRADE,517.9,491174.01,700.84,0.0,0.0,136
0,vue,Module,BUG,6.76,166.94,12.92,1.0,1.0,2006
0,vue,Module,DOCS,0.34,0.15,0.38,1.0,1.0,187
0,vue,Module,FEATURE,8.09,141.72,11.9,0.33,0.33,408
0,vue,Module,OTHER,18.94,869.4,29.49,0.52,0.91,2193
0,vue,Module,REFACTOR,4.41,38.0,6.16,0.27,0.64,714
0,vue,Module,RELEASE,1.88,9.4,3.07,0.32,0.43,1887
0,vue,Module,SUPPORT,2.22,6.95,2.64,0.36,0.64,697
0,vue,Module,TESTING,5.96,100.21,10.01,0.4,0.53,969
0,vue,Module,UPGRADE,4.06,29.92,5.47,0.5,0.5,136
