Project,Model,Task,R_Squared,R_Squared_Adj,MAE,MSE,RMSE,PRED_25,PRED_50,T_Records
tensorflow,Line,BUG,0.89,0.89,16733.64,2134184995.14,46197.24,0.22,0.38,87
tensorflow,Module,BUG,0.97,0.97,346.19,516012.64,718.34,0.23,0.46,87
home-assistant,Line,BUG,0.89,0.89,5597.17,293877957.87,17142.87,0.17,0.32,223
home-assistant,Module,BUG,0.94,0.94,143.75,187065.9,432.51,0.28,0.55,223
vue,Line,BUG,0.99,0.99,295.61,477498.81,691.01,0.33,0.55,138
vue,Module,BUG,0.99,0.99,18.21,3662.52,60.52,0.52,0.74,138
neutron,Line,BUG,0.84,0.84,40405.82,6525328585.42,80779.51,0.19,0.31,143
neutron,Module,BUG,0.99,0.99,98.42,21122.11,145.33,0.44,0.78,143
angular,Line,BUG,0.98,0.98,8724.21,227537701.97,15084.35,0.28,0.51,288
angular,Module,BUG,0.97,0.97,480.41,1054863.08,1027.07,0.36,0.57,288
moby,Line,BUG,0.94,0.94,1885.92,13418685.28,3663.15,0.18,0.3,232
moby,Module,BUG,0.98,0.98,61.87,23039.94,151.79,0.34,0.55,232
node,Line,BUG,0.98,0.98,6821.17,220924672.55,14863.53,0.33,0.54,516
node,Module,BUG,1.0,1.0,143.56,97972.95,313.01,0.52,0.78,516
gitlabhq,Line,BUG,0.91,0.91,7659.76,513208806.46,22654.11,0.23,0.43,735
gitlabhq,Module,BUG,0.95,0.95,140.02,264970.07,514.75,0.53,0.74,735
tensorflow,Line,DOCS,0.87,0.87,15692.71,1946164055.7,44115.35,0.23,0.36,56
tensorflow,Module,DOCS,0.86,0.85,421.38,3402251.83,1844.52,0.23,0.46,56
home-assistant,Line,DOCS,0.92,0.92,439.97,456309.46,675.51,0.11,0.29,35
home-assistant,Module,DOCS,0.81,0.79,83.41,36256.89,190.41,0.17,0.26,35
vue,Line,DOCS,0.99,0.99,27.01,2176.99,46.66,0.15,0.54,13
vue,Module,DOCS,0.98,0.97,0.69,1.02,1.01,0.69,0.77,13
neutron,Line,DOCS,0.77,0.76,4656.72,95958218.5,9795.83,0.18,0.48,40
neutron,Module,DOCS,0.98,0.98,57.43,5625.59,75.0,0.18,0.38,40
moby,Line,DOCS,0.84,0.84,8158.71,289551666.01,17016.22,0.12,0.23,158
moby,Module,DOCS,0.97,0.97,63.45,16984.85,130.33,0.14,0.24,158
node,Line,DOCS,0.95,0.95,6239.4,172896227.15,13149.0,0.22,0.35,386
node,Module,DOCS,0.99,0.99,19.87,2037.01,45.13,0.56,0.69,386
angular,Line,DOCS,0.9,0.9,10677.21,537824188.61,23191.04,0.17,0.35,248
angular,Module,DOCS,0.91,0.91,211.72,272611.71,522.12,0.31,0.49,248
gitlabhq,Line,DOCS,0.85,0.85,2861.48,134278740.46,11587.87,0.27,0.5,515
gitlabhq,Module,DOCS,0.97,0.97,45.27,17645.81,132.84,0.36,0.61,515
tensorflow,Line,REFACTOR,0.96,0.96,6348.42,230785853.22,15191.64,0.54,0.72,39
tensorflow,Module,REFACTOR,0.93,0.92,134.8,91057.38,301.76,0.33,0.62,39
home-assistant,Line,REFACTOR,0.84,0.83,7724.79,631551069.19,25130.68,0.16,0.29,38
home-assistant,Module,REFACTOR,0.81,0.79,66.03,32887.09,181.35,0.13,0.29,38
vue,Line,REFACTOR,0.98,0.98,305.3,259160.98,509.08,0.42,0.63,38
vue,Module,REFACTOR,1.0,1.0,4.79,37.36,6.11,0.55,0.71,38
moby,Line,REFACTOR,0.94,0.94,1084.41,4697454.79,2167.36,0.14,0.36,97
moby,Module,REFACTOR,0.95,0.95,16.38,691.54,26.3,0.21,0.48,97
neutron,Line,REFACTOR,0.97,0.97,1155.51,3207525.8,1790.96,0.5,0.7,54
neutron,Module,REFACTOR,0.98,0.98,21.16,1286.09,35.86,0.63,0.78,54
node,Line,REFACTOR,0.97,0.97,9190.93,444572658.82,21084.89,0.41,0.52,294
node,Module,REFACTOR,1.0,1.0,43.3,5370.24,73.28,0.56,0.66,294
angular,Line,REFACTOR,0.96,0.96,9393.63,286380543.29,16922.78,0.27,0.46,210
angular,Module,REFACTOR,0.98,0.98,312.5,420829.28,648.71,0.31,0.47,210
gitlabhq,Line,REFACTOR,0.94,0.94,1964.26,22341152.4,4726.64,0.26,0.51,352
gitlabhq,Module,REFACTOR,0.95,0.95,51.33,23385.74,152.92,0.41,0.61,352
tensorflow,Line,TESTING,0.98,0.98,15236.98,1015067961.88,31860.13,0.15,0.33,66
tensorflow,Module,TESTING,0.99,0.99,133.13,74880.93,273.64,0.3,0.61,66
home-assistant,Line,TESTING,0.89,0.89,43123.1,16802719069.23,129625.3,0.07,0.18,67
home-assistant,Module,TESTING,0.92,0.92,169.32,143053.81,378.22,0.18,0.33,67
vue,Line,TESTING,1.0,1.0,383.9,722298.17,849.88,0.35,0.52,77
vue,Module,TESTING,1.0,1.0,10.49,316.42,17.79,0.43,0.61,77
moby,Line,TESTING,0.93,0.93,2402.82,33210756.11,5762.88,0.16,0.33,187
moby,Module,TESTING,0.97,0.97,49.18,11850.48,108.86,0.2,0.4,187
neutron,Line,TESTING,0.94,0.94,6747.17,200180654.18,14148.52,0.27,0.45,119
neutron,Module,TESTING,0.98,0.98,133.64,54814.54,234.13,0.37,0.6,119
angular,Line,TESTING,0.92,0.92,15547.8,845371260.73,29075.27,0.11,0.24,203
angular,Module,TESTING,0.89,0.89,265.26,473789.22,688.32,0.31,0.54,203
node,Line,TESTING,0.99,0.99,12215.96,465940960.64,21585.67,0.28,0.43,451
node,Module,TESTING,1.0,1.0,418.92,639369.17,799.61,0.37,0.52,451
gitlabhq,Line,TESTING,0.94,0.94,41072.92,25377348020.17,159302.69,0.21,0.35,517
gitlabhq,Module,TESTING,0.98,0.98,667.85,8119828.49,2849.53,0.35,0.58,517
tensorflow,Line,FEATURE,0.91,0.9,4921.51,53067751.43,7284.76,0.19,0.38,37
tensorflow,Module,FEATURE,0.95,0.95,41.64,4263.55,65.3,0.22,0.49,37
home-assistant,Line,FEATURE,0.8,0.78,268.74,104650.92,323.5,0.04,0.16,25
home-assistant,Module,FEATURE,0.83,0.81,7.94,191.61,13.84,0.2,0.4,25
moby,Line,FEATURE,0.82,0.81,194.73,112969.36,336.11,0.28,0.33,67
moby,Module,FEATURE,0.87,0.86,4.06,55.23,7.43,0.16,0.37,67
vue,Line,FEATURE,0.97,0.97,194.13,117417.73,342.66,0.53,0.63,19
vue,Module,FEATURE,0.95,0.94,13.44,561.72,23.7,0.58,0.58,19
neutron,Line,FEATURE,0.92,0.91,969.52,1493421.66,1222.06,0.03,0.27,30
neutron,Module,FEATURE,0.92,0.91,12.82,259.15,16.1,0.23,0.4,30
node,Line,FEATURE,0.93,0.93,170.52,90566.37,300.94,0.52,0.55,85
node,Module,FEATURE,0.99,0.99,4.03,38.14,6.18,0.49,0.66,85
angular,Line,FEATURE,0.93,0.93,12237.45,1611968968.23,40149.33,0.35,0.53,182
angular,Module,FEATURE,0.95,0.95,254.52,430314.8,655.98,0.34,0.55,182
gitlabhq,Line,FEATURE,0.92,0.92,1347.13,7625679.57,2761.46,0.17,0.39,393
gitlabhq,Module,FEATURE,0.96,0.96,49.54,15600.53,124.9,0.31,0.51,393
tensorflow,Line,UPGRADE,0.81,0.8,28365.93,20283432411.92,142419.92,0.19,0.36,53
tensorflow,Module,UPGRADE,0.88,0.87,49.37,20662.45,143.74,0.3,0.57,53
home-assistant,Line,UPGRADE,0.88,0.88,2182.62,44869427.95,6698.46,0.1,0.28,79
home-assistant,Module,UPGRADE,0.96,0.96,108.59,43965.67,209.68,0.32,0.59,79
moby,Line,UPGRADE,0.95,0.95,303.96,212933.83,461.45,0.09,0.18,126
moby,Module,UPGRADE,0.97,0.97,8.59,189.24,13.76,0.25,0.41,126
vue,Line,UPGRADE,0.85,0.83,594.65,4258773.35,2063.68,0.29,0.41,17
vue,Module,UPGRADE,0.86,0.83,3.1,120.32,10.97,0.76,0.88,17
neutron,Line,UPGRADE,0.97,0.97,202.77,101934.27,319.27,0.43,0.49,35
neutron,Module,UPGRADE,0.96,0.96,8.3,170.73,13.07,0.54,0.71,35
angular,Line,UPGRADE,0.95,0.95,2256.51,14183792.95,3766.14,0.16,0.32,75
angular,Module,UPGRADE,0.99,0.99,14.66,724.75,26.92,0.64,0.71,75
node,Line,UPGRADE,0.99,0.99,193651.53,106161240372.01,325823.94,0.29,0.49,428
node,Module,UPGRADE,1.0,1.0,1374.24,4988839.13,2233.57,0.44,0.63,428
gitlabhq,Line,UPGRADE,0.89,0.89,1419.28,12231763.79,3497.39,0.15,0.28,417
gitlabhq,Module,UPGRADE,0.94,0.94,19.87,2937.71,54.2,0.34,0.53,417
tensorflow,Line,RELEASE,0.87,0.87,24131.47,1665382583.46,40809.1,0.05,0.09,64
tensorflow,Module,RELEASE,0.86,0.85,55.52,11869.79,108.95,0.16,0.28,64
home-assistant,Line,RELEASE,0.86,0.85,25.9,2390.34,48.89,0.06,0.21,33
home-assistant,Module,RELEASE,0.92,0.91,1.22,5.01,2.24,0.27,0.48,33
moby,Line,RELEASE,0.83,0.83,189.91,147721.5,384.35,0.1,0.19,91
moby,Module,RELEASE,0.94,0.94,9.67,243.2,15.59,0.13,0.31,91
vue,Line,RELEASE,0.99,0.99,4913.34,211435742.59,14540.83,0.11,0.15,109
vue,Module,RELEASE,1.0,1.0,8.38,1175.3,34.28,0.48,0.67,109
angular,Line,RELEASE,0.92,0.92,151.26,69666.91,263.94,0.17,0.36,171
angular,Module,RELEASE,0.98,0.98,6.14,244.92,15.65,0.62,0.77,171
neutron,Line,RELEASE,0.9,0.9,3356.09,54640969.39,7391.95,0.14,0.22,59
neutron,Module,RELEASE,0.98,0.98,10.95,565.41,23.78,0.59,0.75,59
node,Line,RELEASE,0.98,0.98,239.52,221240.84,470.36,0.32,0.49,345
node,Module,RELEASE,0.99,0.99,6.59,151.67,12.32,0.42,0.6,345
gitlabhq,Line,RELEASE,0.96,0.96,258.09,450243.37,671.0,0.12,0.27,251
gitlabhq,Module,RELEASE,0.97,0.97,10.86,746.37,27.32,0.26,0.44,251
tensorflow,Line,SUPPORT,0.98,0.98,6732.16,190334971.36,13796.19,0.52,0.67,52
tensorflow,Module,SUPPORT,0.98,0.98,137.49,103599.48,321.87,0.38,0.65,52
home-assistant,Line,SUPPORT,0.91,0.91,6481.36,167194028.81,12930.35,0.24,0.41,78
home-assistant,Module,SUPPORT,0.9,0.9,136.83,154825.55,393.48,0.32,0.6,78
vue,Line,SUPPORT,1.0,1.0,140.55,40714.23,201.78,0.46,0.63,57
vue,Module,SUPPORT,1.0,1.0,5.72,105.13,10.25,0.51,0.82,57
angular,Line,SUPPORT,0.93,0.93,319.42,243774.18,493.73,0.19,0.39,69
angular,Module,SUPPORT,0.98,0.98,4.86,81.16,9.01,0.52,0.72,69
moby,Line,SUPPORT,0.93,0.93,1931.04,25999334.47,5098.95,0.1,0.26,136
moby,Module,SUPPORT,0.98,0.98,29.45,4038.88,63.55,0.25,0.54,136
neutron,Line,SUPPORT,0.96,0.96,4043.99,74639141.59,8639.39,0.31,0.5,101
neutron,Module,SUPPORT,0.98,0.98,57.13,10976.14,104.77,0.52,0.77,101
node,Line,SUPPORT,0.94,0.94,6333.93,182331777.79,13503.03,0.22,0.42,321
node,Module,SUPPORT,1.0,1.0,23.09,1516.83,38.95,0.55,0.77,321
gitlabhq,Line,SUPPORT,0.93,0.93,2301.93,27268010.38,5221.88,0.23,0.38,376
gitlabhq,Module,SUPPORT,0.96,0.96,34.26,6593.08,81.2,0.37,0.56,376
tensorflow,Line,OTHER,0.94,0.94,451973.62,1484727106247.65,1218493.79,0.09,0.18,94
tensorflow,Module,OTHER,0.91,0.91,5341.54,201939232.11,14210.53,0.18,0.31,94
home-assistant,Line,OTHER,0.92,0.92,29147.87,5958015855.23,77188.18,0.17,0.31,272
home-assistant,Module,OTHER,0.86,0.86,2090.13,63295343.41,7955.84,0.19,0.43,272
vue,Line,OTHER,0.98,0.98,8944.94,258823871.37,16088.0,0.18,0.3,169
vue,Module,OTHER,1.0,1.0,54.98,28325.96,168.3,0.46,0.68,169
moby,Line,OTHER,0.94,0.94,33278.07,9128817800.39,95544.85,0.13,0.27,290
moby,Module,OTHER,0.99,0.99,347.64,1421848.23,1192.41,0.26,0.52,290
angular,Line,OTHER,0.95,0.95,70125.05,29894428748.84,172900.05,0.11,0.23,253
angular,Module,OTHER,0.96,0.96,355.96,483212.57,695.13,0.26,0.43,253
neutron,Line,OTHER,0.84,0.84,306681.25,681658048191.6,825625.85,0.17,0.35,148
neutron,Module,OTHER,0.99,0.99,662.43,1696782.38,1302.61,0.54,0.72,148
node,Line,OTHER,0.99,0.99,283932.78,267101477052.13,516818.61,0.25,0.42,548
node,Module,OTHER,1.0,1.0,1523.27,9486042.09,3079.94,0.42,0.58,548
gitlabhq,Line,OTHER,0.95,0.95,32923.47,6817991661.91,82571.13,0.18,0.34,860
gitlabhq,Module,OTHER,0.96,0.96,1770.83,28474910.53,5336.19,0.43,0.64,860
orleans,Line,BUG,0.96,0.96,1565.78,8215533.04,2866.28,0.24,0.42,59
orleans,Module,BUG,0.98,0.98,99.0,31135.11,176.45,0.32,0.46,59
roslyn,Line,BUG,0.98,0.98,41611.64,5711236652.76,75572.72,0.2,0.45,60
roslyn,Module,BUG,0.96,0.96,1148.38,7088961.22,2662.51,0.3,0.45,60
ansible,Line,BUG,1.0,1.0,50917.65,18796887785.25,137101.74,0.51,0.63,198
ansible,Module,BUG,1.0,1.0,2640.97,63701480.66,7981.32,0.63,0.75,198
cli,Line,BUG,0.79,0.78,5730.1,353053141.25,18789.71,0.16,0.28,83
cli,Module,BUG,0.88,0.88,28.09,2181.4,46.71,0.23,0.49,83
nova,Line,BUG,0.89,0.89,47850.17,8439024356.02,91864.16,0.37,0.51,152
nova,Module,BUG,0.93,0.93,333.19,1655052.45,1286.49,0.55,0.8,152
angular.js,Line,BUG,0.96,0.96,16609.34,1130583951.83,33624.16,0.26,0.44,135
angular.js,Module,BUG,0.99,0.99,275.4,324676.31,569.8,0.48,0.71,135
lock,Line,BUG,0.98,0.98,5542.66,262024150.35,16187.16,0.13,0.27,107
lock,Module,BUG,0.95,0.95,59.73,47820.5,218.68,0.31,0.51,107
kubernetes,Line,BUG,0.91,0.91,66936.88,26172356197.75,161778.73,0.13,0.26,390
kubernetes,Module,BUG,0.97,0.97,783.42,2838596.44,1684.81,0.25,0.43,390
orleans,Line,DOCS,0.81,0.77,55.04,4123.76,64.22,0.17,0.25,12
orleans,Module,DOCS,0.91,0.88,3.39,48.39,6.96,0.25,0.5,12
roslyn,Line,DOCS,0.94,0.94,3669.86,110048870.66,10490.42,0.24,0.39,38
roslyn,Module,DOCS,0.95,0.95,61.71,16347.56,127.86,0.18,0.34,38
ansible,Line,DOCS,0.96,0.96,105863.39,104529969034.36,323310.95,0.45,0.61,131
ansible,Module,DOCS,0.98,0.98,2476.35,85130764.06,9226.63,0.42,0.56,131
cli,Line,DOCS,0.84,0.82,148.02,46634.2,215.95,0.06,0.29,17
cli,Module,DOCS,0.84,0.8,4.2,43.49,6.59,0.12,0.41,17
nova,Line,DOCS,0.9,0.9,8709.39,220305788.45,14842.7,0.15,0.32,88
nova,Module,DOCS,0.96,0.96,71.73,21110.06,145.29,0.4,0.59,88
angular.js,Line,DOCS,0.89,0.89,42415.88,7242426904.06,85102.45,0.15,0.22,127
angular.js,Module,DOCS,0.99,0.99,113.36,42176.93,205.37,0.43,0.73,127
lock,Line,DOCS,0.97,0.96,136.95,206009.71,453.88,0.92,0.92,12
lock,Module,DOCS,0.96,0.94,0.59,3.89,1.97,0.92,0.92,12
kubernetes,Line,DOCS,0.92,0.92,24286.04,1135302144.43,33694.24,0.12,0.26,265
kubernetes,Module,DOCS,0.96,0.96,306.65,244416.7,494.39,0.23,0.4,265
roslyn,Line,REFACTOR,0.88,0.87,95631.96,48550929825.95,220342.76,0.18,0.25,40
roslyn,Module,REFACTOR,0.81,0.79,3477.5,108096338.94,10396.94,0.05,0.15,40
orleans,Line,REFACTOR,0.9,0.89,1647.83,4814912.84,2194.29,0.15,0.25,20
orleans,Module,REFACTOR,0.98,0.98,25.05,1230.03,35.07,0.2,0.4,20
ansible,Line,REFACTOR,1.0,1.0,73276.26,42455381384.61,206047.04,0.43,0.6,87
ansible,Module,REFACTOR,1.0,1.0,313.28,583599.16,763.94,0.54,0.72,87
cli,Line,REFACTOR,0.82,0.81,7752.96,510409627.24,22592.25,0.15,0.36,47
cli,Module,REFACTOR,0.82,0.81,73.64,27240.86,165.05,0.19,0.36,47
angular.js,Line,REFACTOR,0.94,0.94,7821.34,234218509.86,15304.2,0.17,0.28,88
angular.js,Module,REFACTOR,0.99,0.99,36.04,6137.15,78.34,0.42,0.69,88
nova,Line,REFACTOR,0.9,0.9,4730.58,149397897.45,12222.84,0.33,0.5,88
nova,Module,REFACTOR,0.9,0.9,143.81,127563.51,357.16,0.32,0.44,88
lock,Line,REFACTOR,0.97,0.97,2054.21,9132888.44,3022.07,0.31,0.62,16
lock,Module,REFACTOR,0.99,0.99,6.78,128.54,11.34,0.81,0.81,16
kubernetes,Line,REFACTOR,0.92,0.92,10247.67,700698890.83,26470.72,0.34,0.52,261
kubernetes,Module,REFACTOR,0.94,0.94,200.02,466789.86,683.22,0.41,0.61,261
roslyn,Line,TESTING,0.91,0.91,225151.42,345599045644.2,587876.73,0.19,0.39,57
roslyn,Module,TESTING,0.95,0.95,1383.56,7294463.71,2700.83,0.23,0.42,57
orleans,Line,TESTING,0.87,0.86,6445.75,150860287.95,12282.52,0.16,0.33,45
orleans,Module,TESTING,0.96,0.96,216.41,142704.73,377.76,0.31,0.4,45
ansible,Line,TESTING,1.0,1.0,43057.16,17765652996.86,133287.86,0.6,0.72,145
ansible,Module,TESTING,1.0,1.0,2768.19,46241123.24,6800.08,0.52,0.64,145
cli,Line,TESTING,0.82,0.82,36874.04,21415328003.85,146339.77,0.09,0.22,82
cli,Module,TESTING,0.85,0.84,171.29,316343.79,562.44,0.15,0.28,82
angular.js,Line,TESTING,0.96,0.96,4591.8,76160860.32,8727.02,0.19,0.38,94
angular.js,Module,TESTING,0.98,0.98,38.34,6468.15,80.42,0.44,0.69,94
nova,Line,TESTING,0.9,0.9,56258.39,13232343989.35,115031.93,0.24,0.48,123
nova,Module,TESTING,0.93,0.93,810.41,3369274.57,1835.56,0.21,0.37,123
lock,Line,TESTING,0.99,0.99,4677.03,140706689.6,11861.99,0.38,0.41,29
lock,Module,TESTING,1.0,1.0,10.24,428.96,20.71,0.48,0.55,29
kubernetes,Line,TESTING,0.89,0.89,68844.28,21221678188.54,145676.62,0.18,0.39,363
kubernetes,Module,TESTING,0.98,0.98,436.89,704392.29,839.28,0.36,0.53,363
orleans,Line,FEATURE,0.75,0.75,320.1,127968.39,357.73,0.0,0.0,3
orleans,Module,FEATURE,0.75,1.5,12.93,208.91,14.45,0.0,0.0,3
lock,Line,FEATURE,0.83,0.83,2.42,7.27,2.7,0.0,0.0,3
lock,Module,FEATURE,0.83,1.34,1.7,3.77,1.94,0.0,0.0,3
roslyn,Line,FEATURE,0.91,0.9,37658.26,3319145528.22,57612.03,0.08,0.21,38
roslyn,Module,FEATURE,0.87,0.86,1661.95,9065143.9,3010.84,0.16,0.29,38
ansible,Line,FEATURE,0.98,0.98,8579.33,674236931.33,25966.07,0.6,0.81,72
ansible,Module,FEATURE,1.0,1.0,106.82,80984.23,284.58,0.62,0.74,72
cli,Line,FEATURE,0.85,0.82,289.18,267453.48,517.16,0.0,0.14,14
cli,Module,FEATURE,0.8,0.74,33.61,2754.78,52.49,0.07,0.07,14
angular.js,Line,FEATURE,0.99,0.99,5766.89,167163799.48,12929.18,0.36,0.52,75
angular.js,Module,FEATURE,0.99,0.99,69.62,19747.17,140.52,0.48,0.79,75
nova,Line,FEATURE,0.88,0.87,730.09,1513649.17,1230.3,0.08,0.21,39
nova,Module,FEATURE,0.93,0.92,20.2,1184.57,34.42,0.28,0.41,39
kubernetes,Line,FEATURE,0.93,0.93,2827.37,44414130.75,6664.39,0.23,0.35,248
kubernetes,Module,FEATURE,0.99,0.99,45.0,13517.26,116.26,0.44,0.65,248
orleans,Line,UPGRADE,0.97,0.97,170.92,74535.67,273.01,0.52,0.62,21
orleans,Module,UPGRADE,0.85,0.82,43.24,4189.33,64.73,0.24,0.29,21
lock,Line,UPGRADE,0.86,0.8,76.91,11454.73,107.03,0.62,0.62,8
lock,Module,UPGRADE,0.86,0.76,11.9,225.92,15.03,0.5,0.62,8
roslyn,Line,UPGRADE,0.77,0.75,7651.1,325224424.51,18033.98,0.12,0.22,32
roslyn,Module,UPGRADE,0.9,0.89,188.15,88436.08,297.38,0.06,0.16,32
ansible,Line,UPGRADE,0.98,0.98,2172.03,20926126.83,4574.51,0.42,0.65,110
ansible,Module,UPGRADE,1.0,1.0,24.88,2534.58,50.34,0.55,0.65,110
cli,Line,UPGRADE,0.82,0.81,3242.75,217724470.09,14755.49,0.14,0.24,50
cli,Module,UPGRADE,0.81,0.8,59.17,48021.55,219.14,0.08,0.22,50
angular.js,Line,UPGRADE,0.93,0.92,11713.56,329281190.36,18146.11,0.07,0.2,30
angular.js,Module,UPGRADE,0.97,0.97,25.6,2191.83,46.82,0.6,0.63,30
nova,Line,UPGRADE,0.96,0.96,1971.78,11315007.21,3363.78,0.2,0.33,66
nova,Module,UPGRADE,0.96,0.96,19.91,1518.55,38.97,0.45,0.58,66
kubernetes,Line,UPGRADE,0.94,0.94,5448.93,188418429.57,13726.56,0.22,0.33,316
kubernetes,Module,UPGRADE,0.97,0.97,54.22,21897.76,147.98,0.34,0.56,316
orleans,Line,RELEASE,0.81,0.79,226.98,193199.23,439.54,0.26,0.26,19
orleans,Module,RELEASE,0.82,0.78,5.23,129.04,11.36,0.42,0.63,19
lock,Line,RELEASE,0.99,0.99,336.21,1172535.69,1082.84,0.51,0.63,49
lock,Module,RELEASE,1.0,1.0,5.26,339.44,18.42,0.9,0.94,49
roslyn,Line,RELEASE,0.93,0.92,1406.48,8521323.58,2919.13,0.12,0.23,26
roslyn,Module,RELEASE,0.91,0.9,54.51,8798.63,93.8,0.19,0.27,26
ansible,Line,RELEASE,0.98,0.98,816.22,1526668.98,1235.58,0.34,0.52,130
ansible,Module,RELEASE,0.99,0.99,17.17,1049.55,32.4,0.67,0.83,130
cli,Line,RELEASE,0.89,0.88,79.84,15658.02,125.13,0.19,0.29,31
cli,Module,RELEASE,0.88,0.87,2.86,19.63,4.43,0.19,0.42,31
angular.js,Line,RELEASE,0.94,0.94,208.95,79683.44,282.28,0.23,0.36,53
angular.js,Module,RELEASE,0.99,0.99,5.37,71.24,8.44,0.6,0.79,53
nova,Line,RELEASE,0.91,0.91,3337.69,58033654.82,7617.98,0.33,0.36,58
nova,Module,RELEASE,0.94,0.94,10.22,758.5,27.54,0.57,0.72,58
kubernetes,Line,RELEASE,0.89,0.89,17295.08,1702198480.61,41257.71,0.08,0.17,371
kubernetes,Module,RELEASE,0.96,0.96,103.72,45795.51,214.0,0.11,0.21,371
orleans,Line,SUPPORT,0.98,0.98,1144.01,3481597.3,1865.9,0.32,0.5,40
orleans,Module,SUPPORT,0.99,0.99,36.71,3428.76,58.56,0.28,0.45,40
lock,Line,SUPPORT,0.98,0.98,208.0,187501.3,433.01,0.36,0.45,33
lock,Module,SUPPORT,1.0,1.0,4.18,44.92,6.7,0.45,0.64,33
roslyn,Line,SUPPORT,0.83,0.82,326657.26,941917196016.7,970524.19,0.16,0.4,45
roslyn,Module,SUPPORT,0.95,0.95,1376.16,6863087.93,2619.75,0.2,0.49,45
ansible,Line,SUPPORT,0.99,0.99,20465.5,2735967470.83,52306.48,0.53,0.69,108
ansible,Module,SUPPORT,1.0,1.0,337.89,732798.86,856.04,0.61,0.79,108
cli,Line,SUPPORT,0.77,0.76,2069.51,12796997.47,3577.29,0.04,0.19,47
cli,Module,SUPPORT,0.87,0.86,22.68,1252.12,35.39,0.15,0.49,47
angular.js,Line,SUPPORT,0.98,0.98,20.19,1350.96,36.76,0.59,0.88,17
angular.js,Module,SUPPORT,0.99,0.99,0.67,1.19,1.09,0.65,1.0,17
nova,Line,SUPPORT,0.93,0.93,16665.85,1511912674.25,38883.32,0.22,0.52,103
nova,Module,SUPPORT,0.93,0.93,667.8,2549294.46,1596.65,0.28,0.55,103
kubernetes,Line,SUPPORT,0.95,0.95,126861.1,118222306671.06,343834.71,0.18,0.31,317
kubernetes,Module,SUPPORT,0.96,0.96,480.73,2378181.46,1542.14,0.38,0.58,317
orleans,Line,OTHER,0.95,0.95,26498.25,2990367213.34,54684.25,0.23,0.4,77
orleans,Module,OTHER,0.98,0.98,717.88,3189223.66,1785.84,0.29,0.48,77
lock,Line,OTHER,0.95,0.95,34895.57,25508881457.38,159715.0,0.27,0.37,491
lock,Module,OTHER,0.91,0.91,185.89,584655.09,764.63,0.35,0.6,491
roslyn,Line,OTHER,0.95,0.95,801242.25,3962220512077.61,1990532.72,0.13,0.27,62
roslyn,Module,OTHER,0.91,0.91,14523.77,1609982176.63,40124.58,0.24,0.39,62
cli,Line,OTHER,0.8,0.8,121052.43,82056111687.82,286454.38,0.05,0.13,101
cli,Module,OTHER,0.89,0.89,424.13,791629.17,889.74,0.3,0.51,101
ansible,Line,OTHER,1.0,1.0,203578.35,286509454822.86,535265.78,0.45,0.59,202
ansible,Module,OTHER,1.0,1.0,3578.75,78475006.99,8858.61,0.62,0.77,202
angular.js,Line,OTHER,0.95,0.95,50396.63,10051915940.33,100259.24,0.15,0.31,116
angular.js,Module,OTHER,0.99,0.99,508.54,748972.91,865.43,0.25,0.43,116
nova,Line,OTHER,0.93,0.93,275879.63,441091328839.0,664147.07,0.23,0.42,174
nova,Module,OTHER,0.95,0.95,1315.03,43589956.64,6602.27,0.66,0.93,174
kubernetes,Line,OTHER,0.96,0.96,480326.01,999365047021.53,999682.47,0.14,0.26,451
kubernetes,Module,OTHER,0.99,0.99,2572.26,28980781.25,5383.38,0.35,0.54,451
mesos,Line,BUG,0.99,0.99,713.04,1804547.93,1343.33,0.39,0.61,140
mesos,Module,BUG,1.0,1.0,15.38,764.39,27.65,0.61,0.82,140
Odin,Line,BUG,0.92,0.91,1209.49,2880588.24,1697.23,0.23,0.35,31
Odin,Module,BUG,0.97,0.97,26.89,2045.83,45.23,0.35,0.55,31
Odin,Line,DOCS,0.75,1.25,360.0,129600.0,360.0,0.0,0.0,2
Odin,Module,DOCS,0.75,1.12,6.0,36.0,6.0,0.0,0.0,2
nixpkgs,Line,BUG,0.9,0.9,10970.22,525546342.72,22924.8,0.13,0.28,68
nixpkgs,Module,BUG,0.96,0.96,283.87,886515.81,941.55,0.47,0.59,68
react,Line,BUG,0.94,0.94,288263.13,702032006004.91,837873.5,0.04,0.15,67
react,Module,BUG,0.97,0.97,1649.98,36202392.39,6016.84,0.19,0.28,67
brew,Line,BUG,0.89,0.89,887.72,20761831.84,4556.52,0.13,0.22,140
brew,Module,BUG,0.86,0.86,60.55,32853.66,181.26,0.11,0.23,140
cinder,Line,BUG,0.84,0.84,57493.57,10209985380.38,101044.47,0.25,0.35,115
cinder,Module,BUG,0.99,0.99,101.26,21410.03,146.32,0.57,0.77,115
elasticsearch,Line,BUG,1.0,1.0,46088.25,20396169638.29,142815.16,0.44,0.61,239
elasticsearch,Module,BUG,1.0,1.0,1802.82,25751711.11,5074.61,0.5,0.71,239
linux,Line,BUG,0.99,0.99,1702.14,28693003.21,5356.59,0.46,0.71,631
linux,Module,BUG,0.99,0.99,42.92,21512.68,146.67,0.87,0.98,631
mesos,Line,DOCS,0.96,0.96,1795.74,9365892.84,3060.37,0.24,0.44,62
mesos,Module,DOCS,0.97,0.97,22.54,2420.03,49.19,0.45,0.65,62
nixpkgs,Line,DOCS,0.91,0.9,2903.98,65896433.65,8117.66,0.09,0.31,32
nixpkgs,Module,DOCS,0.94,0.93,46.05,9384.61,96.87,0.09,0.38,32
brew,Line,DOCS,0.81,0.81,378.58,1073811.27,1036.25,0.1,0.19,93
brew,Module,DOCS,0.85,0.84,17.34,941.72,30.69,0.09,0.27,93
react,Line,DOCS,0.82,0.81,427068.39,1195918922519.2,1093580.78,0.06,0.06,36
react,Module,DOCS,0.84,0.82,5100.49,173668779.92,13178.35,0.11,0.14,36
cinder,Line,DOCS,0.99,0.99,1301.93,4897871.67,2213.11,0.37,0.71,35
cinder,Module,DOCS,0.98,0.98,39.36,3856.26,62.1,0.49,0.66,35
cf-deployment,Line,BUG,0.77,0.76,132.42,39121.14,197.79,0.07,0.14,42
cf-deployment,Module,BUG,0.83,0.82,9.06,561.9,23.7,0.19,0.29,42
elasticsearch,Line,DOCS,1.0,1.0,32680.47,10713338944.81,103505.26,0.39,0.5,200
elasticsearch,Module,DOCS,1.0,1.0,822.47,7526395.43,2743.43,0.48,0.62,200
linux,Line,DOCS,0.91,0.91,1480.31,51337760.86,7165.04,0.16,0.32,334
linux,Module,DOCS,0.96,0.96,18.81,6416.99,80.11,0.36,0.61,334
mesos,Line,REFACTOR,0.97,0.97,1637.64,5878850.58,2424.63,0.59,0.65,51
mesos,Module,REFACTOR,0.98,0.98,18.51,818.95,28.62,0.65,0.76,51
cf-deployment,Line,DOCS,0.75,0.5,205.58,77333.03,278.09,0.0,0.2,5
cf-deployment,Module,DOCS,0.8,0.2,10.2,186.92,13.67,0.0,0.0,5
nixpkgs,Line,REFACTOR,0.86,0.85,5378.77,96860326.46,9841.76,0.1,0.24,29
nixpkgs,Module,REFACTOR,0.9,0.89,114.78,46600.96,215.87,0.07,0.24,29
cinder,Line,REFACTOR,0.97,0.97,7143.12,81980925.82,9054.33,0.39,0.66,38
cinder,Module,REFACTOR,0.98,0.98,26.91,1109.02,33.3,0.47,0.71,38
brew,Line,REFACTOR,0.87,0.86,436.75,382344.41,618.34,0.17,0.3,54
brew,Module,REFACTOR,0.87,0.86,8.35,171.78,13.11,0.28,0.44,54
react,Line,REFACTOR,0.9,0.89,32504.6,9069120733.08,95231.93,0.1,0.2,20
react,Module,REFACTOR,0.89,0.87,589.79,1744987.33,1320.98,0.05,0.15,20
elasticsearch,Line,REFACTOR,1.0,1.0,30866.52,3339178326.62,57785.62,0.38,0.64,132
elasticsearch,Module,REFACTOR,1.0,1.0,526.43,1124115.23,1060.24,0.45,0.59,132
mesos,Line,TESTING,0.99,0.99,2284.97,16748346.97,4092.47,0.52,0.64,89
mesos,Module,TESTING,1.0,1.0,28.64,2506.8,50.07,0.57,0.73,89
linux,Line,REFACTOR,0.93,0.93,1634.98,10081822.82,3175.19,0.26,0.42,135
linux,Module,REFACTOR,0.99,0.99,12.98,510.6,22.6,0.38,0.64,135
office-js,Line,BUG,0.38,0.07,508560.87,368720590201.81,607223.67,0.0,0.0,7
office-js,Module,BUG,0.49,-0.02,166.54,34565.06,185.92,0.0,0.0,7
mesos,Line,FEATURE,0.99,0.98,3.04,14.04,3.75,1.0,1.0,5
mesos,Module,FEATURE,0.98,0.92,0.23,0.07,0.27,1.0,1.0,5
nixpkgs,Line,TESTING,0.87,0.86,33742.87,29725522891.67,172410.91,0.15,0.27,52
nixpkgs,Module,TESTING,0.92,0.92,126.54,124257.34,352.5,0.33,0.52,52
cinder,Line,TESTING,0.97,0.97,2825.81,19730586.36,4441.91,0.28,0.51,72
cinder,Module,TESTING,0.96,0.96,134.66,67798.14,260.38,0.46,0.65,72
brew,Line,TESTING,0.9,0.9,1054.41,6411905.35,2532.17,0.08,0.15,110
brew,Module,TESTING,0.93,0.93,42.25,7803.56,88.34,0.07,0.19,110
react,Line,TESTING,0.94,0.94,68708.62,137595406752.65,370938.55,0.12,0.2,50
react,Module,TESTING,0.97,0.97,1078.39,22098794.79,4700.94,0.26,0.48,50
elasticsearch,Line,TESTING,1.0,1.0,82218.22,29884137260.35,172870.29,0.26,0.41,208
elasticsearch,Module,TESTING,1.0,1.0,2640.7,62028523.67,7875.82,0.37,0.61,208
linux,Line,TESTING,0.94,0.94,1720.77,43450414.23,6591.69,0.15,0.25,397
linux,Module,TESTING,0.99,0.99,9.64,672.78,25.94,0.41,0.68,397
mesos,Line,UPGRADE,0.88,0.88,14460.48,2349135234.33,48467.88,0.1,0.12,69
mesos,Module,UPGRADE,0.9,0.9,21.15,5102.34,71.43,0.41,0.54,69
brew,Line,FEATURE,0.84,0.78,122.69,26578.33,163.03,0.12,0.38,8
brew,Module,FEATURE,0.8,0.65,1.99,11.38,3.37,0.12,0.62,8
nixpkgs,Line,FEATURE,0.81,0.79,554.28,1418931.3,1191.19,0.15,0.31,26
nixpkgs,Module,FEATURE,0.91,0.9,6.94,129.15,11.36,0.23,0.46,26
cinder,Line,FEATURE,0.99,0.99,870.17,1474593.41,1214.33,0.5,0.5,20
cinder,Module,FEATURE,0.96,0.95,9.59,266.35,16.32,0.55,0.75,20
react,Line,FEATURE,0.86,0.84,37695.17,18948782321.96,137654.58,0.06,0.22,18
react,Module,FEATURE,0.88,0.85,676.3,3631595.86,1905.67,0.11,0.33,18
elasticsearch,Line,FEATURE,0.99,0.99,170384.77,105859251557.36,325360.19,0.3,0.4,92
elasticsearch,Module,FEATURE,1.0,1.0,819.37,4317255.48,2077.8,0.52,0.54,92
d3,Line,BUG,0.91,0.91,244.71,493704.52,702.64,0.1,0.25,79
d3,Module,BUG,0.93,0.93,10.93,1052.71,32.45,0.3,0.51,79
linux,Line,FEATURE,0.92,0.92,473.62,2345889.6,1531.63,0.17,0.3,240
linux,Module,FEATURE,0.99,0.99,7.82,275.34,16.59,0.4,0.68,240
mesos,Line,RELEASE,0.97,0.97,205.64,134063.26,366.15,0.25,0.42,59
mesos,Module,RELEASE,0.99,0.99,2.0,16.48,4.06,0.68,0.78,59
brew,Line,UPGRADE,0.91,0.91,193.87,427153.69,653.57,0.16,0.32,118
brew,Module,UPGRADE,0.91,0.91,25.7,9261.1,96.23,0.18,0.35,118
nixpkgs,Line,UPGRADE,0.91,0.91,1303.24,10883610.92,3299.03,0.22,0.41,59
nixpkgs,Module,UPGRADE,0.88,0.87,57.54,28750.83,169.56,0.22,0.47,59
cinder,Line,UPGRADE,0.99,0.99,88.9,33326.8,182.56,0.53,0.53,19
cinder,Module,UPGRADE,0.99,0.99,3.08,26.52,5.15,0.79,0.89,19
react,Line,UPGRADE,0.99,0.99,3078.62,26140062.47,5112.74,0.12,0.32,25
react,Module,UPGRADE,0.96,0.95,161.63,162763.27,403.44,0.28,0.52,25
elasticsearch,Line,UPGRADE,1.0,1.0,31961.09,9027924973.88,95015.39,0.36,0.44,176
elasticsearch,Module,UPGRADE,1.0,1.0,2656.58,34177955.83,5846.19,0.38,0.53,176
linux,Line,UPGRADE,0.9,0.9,237.67,602618.3,776.28,0.17,0.29,135
linux,Module,UPGRADE,0.93,0.93,4.08,70.13,8.37,0.39,0.62,135
socket.io,Line,BUG,0.9,0.9,214.96,723145.3,850.38,0.2,0.33,76
socket.io,Module,BUG,0.94,0.94,11.13,3224.39,56.78,0.55,0.8,76
mesos,Line,SUPPORT,0.98,0.98,1049.05,2827184.76,1681.42,0.58,0.77,62
mesos,Module,SUPPORT,0.99,0.99,14.48,460.4,21.46,0.63,0.9,62
brew,Line,RELEASE,0.79,0.76,34.81,2406.99,49.06,0.06,0.29,17
brew,Module,RELEASE,0.76,0.7,2.27,11.06,3.33,0.12,0.53,17
nixpkgs,Line,RELEASE,0.87,0.86,1351.3,11419452.84,3379.27,0.14,0.35,49
nixpkgs,Module,RELEASE,0.93,0.93,26.12,2422.59,49.22,0.29,0.49,49
cinder,Line,RELEASE,0.85,0.84,932.8,4330285.8,2080.93,0.26,0.35,23
cinder,Module,RELEASE,0.98,0.98,11.74,405.49,20.14,0.57,0.74,23
react,Line,RELEASE,0.87,0.86,25596.47,3864920013.94,62168.48,0.03,0.22,32
react,Module,RELEASE,0.86,0.84,780.55,3912395.96,1977.98,0.12,0.25,32
elasticsearch,Line,RELEASE,0.99,0.99,6034.97,334681870.21,18294.31,0.28,0.45,202
elasticsearch,Module,RELEASE,0.99,0.99,332.69,877642.41,936.83,0.52,0.65,202
linux,Line,RELEASE,0.79,0.79,1071.64,57322249.88,7571.15,0.16,0.32,358
linux,Module,RELEASE,0.9,0.9,7.33,803.4,28.34,0.33,0.56,358
socket.io,Line,DOCS,0.94,0.92,30911.51,3731303511.03,61084.4,0.27,0.45,11
socket.io,Module,DOCS,0.94,0.91,630.76,934861.69,966.88,0.36,0.55,11
mesos,Line,OTHER,0.85,0.85,11240.36,980973370.0,31320.49,0.27,0.53,156
mesos,Module,OTHER,1.0,1.0,141.77,88727.48,297.87,0.56,0.77,156
brew,Line,SUPPORT,0.79,0.78,636.38,6845814.03,2616.45,0.06,0.18,78
brew,Module,SUPPORT,0.83,0.82,15.69,1743.65,41.76,0.15,0.33,78
nixpkgs,Line,SUPPORT,0.91,0.91,3575.72,72868934.74,8536.33,0.13,0.38,55
nixpkgs,Module,SUPPORT,0.95,0.95,75.95,42004.61,204.95,0.29,0.67,55
cinder,Line,SUPPORT,0.98,0.98,5694.19,75908679.0,8712.56,0.34,0.67,76
cinder,Module,SUPPORT,0.99,0.99,50.46,4519.83,67.23,0.55,0.82,76
react,Line,SUPPORT,0.96,0.96,23242.62,3121657086.46,55871.79,0.05,0.32,38
react,Module,SUPPORT,0.96,0.96,302.08,771716.06,878.47,0.21,0.32,38
elasticsearch,Line,SUPPORT,1.0,1.0,127846.06,118266775640.73,343899.37,0.49,0.63,199
elasticsearch,Module,SUPPORT,1.0,1.0,2570.85,42298455.59,6503.73,0.54,0.69,199
linux,Line,SUPPORT,0.97,0.97,4560.39,385665285.68,19638.36,0.19,0.34,545
linux,Module,SUPPORT,1.0,1.0,25.86,7108.91,84.31,0.42,0.7,545
socket.io,Line,REFACTOR,0.84,0.79,164.9,40150.31,200.38,0.0,0.22,9
socket.io,Module,REFACTOR,0.83,0.73,3.07,14.12,3.76,0.11,0.22,9
nixpkgs,Line,OTHER,0.96,0.96,95820.66,56895045934.55,238526.82,0.2,0.34,80
nixpkgs,Module,OTHER,0.96,0.96,2330.61,54519218.93,7383.71,0.36,0.57,80
brew,Line,OTHER,0.93,0.93,3789.67,100269155.19,10013.45,0.1,0.18,149
brew,Module,OTHER,0.95,0.95,223.11,330250.06,574.67,0.21,0.36,149
cinder,Line,OTHER,0.88,0.88,216145.55,348818434941.62,590608.53,0.33,0.47,123
cinder,Module,OTHER,1.0,1.0,323.19,272056.91,521.59,0.69,0.83,123
react,Line,OTHER,0.94,0.94,398142.0,2723025009973.22,1650159.09,0.17,0.31,93
react,Module,OTHER,0.93,0.93,10313.0,2071074539.45,45509.06,0.18,0.33,93
elasticsearch,Line,OTHER,1.0,1.0,569798.96,2738314488334.71,1654785.33,0.44,0.61,257
elasticsearch,Module,OTHER,1.0,1.0,28653.51,5371976465.62,73293.77,0.48,0.71,257
webpack,Line,BUG,0.83,0.83,9691.14,1728680677.16,41577.41,0.14,0.21,205
webpack,Module,BUG,0.96,0.96,44.69,16499.56,128.45,0.3,0.44,205
linux,Line,OTHER,0.99,0.99,25561.87,6325261195.1,79531.51,0.24,0.43,630
linux,Module,OTHER,1.0,1.0,318.71,970672.55,985.23,0.69,0.87,630
socket.io,Line,TESTING,0.89,0.88,17706.19,2555875332.04,50555.67,0.14,0.24,42
socket.io,Module,TESTING,0.99,0.99,5.36,112.27,10.6,0.19,0.57,42
socket.io,Line,FEATURE,0.95,0.9,1208.86,2168827.59,1472.69,0.0,0.2,5
socket.io,Module,FEATURE,0.95,0.8,152.16,29314.09,171.21,0.0,0.2,5
webpack,Line,DOCS,0.82,0.81,1450.13,7126319.5,2669.52,0.23,0.23,31
webpack,Module,DOCS,0.91,0.9,12.77,634.53,25.19,0.35,0.58,31
jekyll,Line,BUG,0.86,0.86,551.71,3580380.65,1892.19,0.2,0.34,87
jekyll,Module,BUG,0.96,0.96,34.1,7122.84,84.4,0.28,0.48,87
requests,Line,BUG,0.9,0.9,64.92,11604.12,107.72,0.08,0.31,95
requests,Module,BUG,0.95,0.95,3.5,33.89,5.82,0.4,0.68,95
lodash,Line,BUG,0.99,0.99,4984.37,139708704.23,11819.84,0.29,0.33,42
lodash,Module,BUG,1.0,1.0,21.91,1699.91,41.23,0.38,0.55,42
json-server,Line,BUG,0.81,0.78,4842.79,67704573.22,8228.28,0.0,0.0,17
json-server,Module,BUG,0.94,0.93,2.23,9.04,3.01,0.24,0.41,17
pm2,Line,BUG,0.86,0.86,442.09,757701.5,870.46,0.14,0.3,70
pm2,Module,BUG,0.92,0.92,17.64,1185.91,34.44,0.24,0.5,70
socket.io,Line,UPGRADE,0.7,0.4,0.69,0.88,0.94,0.6,0.8,5
socket.io,Module,UPGRADE,0.83,0.32,0.58,0.39,0.62,0.4,0.6,5
video.js,Line,BUG,0.93,0.93,8887.46,1029511504.33,32086.0,0.13,0.28,137
video.js,Module,BUG,1.0,1.0,277.07,775905.26,880.85,0.26,0.56,137
webpack,Line,REFACTOR,0.97,0.97,2679.45,28778197.11,5364.53,0.22,0.38,65
webpack,Module,REFACTOR,0.87,0.86,281.31,394908.89,628.42,0.25,0.32,65
jekyll,Line,DOCS,0.91,0.91,1740.55,21296611.68,4614.83,0.13,0.31,55
jekyll,Module,DOCS,0.95,0.95,94.34,51049.24,225.94,0.33,0.55,55
requests,Line,DOCS,0.85,0.85,104.5,63417.16,251.83,0.11,0.25,64
requests,Module,DOCS,0.92,0.92,3.61,38.65,6.22,0.27,0.42,64
pm2,Line,DOCS,0.92,0.89,96.44,31200.34,176.64,0.25,0.38,8
pm2,Module,DOCS,0.92,0.86,0.88,1.88,1.37,0.38,0.75,8
lodash,Line,DOCS,1.0,1.0,2138.77,13856311.48,3722.41,0.43,0.6,47
lodash,Module,DOCS,1.0,1.0,17.34,814.83,28.55,0.34,0.57,47
socket.io,Line,RELEASE,0.98,0.98,101.67,390953.33,625.26,0.6,0.9,81
socket.io,Module,RELEASE,0.98,0.98,13.73,7030.86,83.85,0.67,0.9,81
video.js,Line,DOCS,0.88,0.87,130679.22,365742855421.23,604766.78,0.21,0.28,29
video.js,Module,DOCS,0.89,0.88,314.23,1835759.94,1354.9,0.41,0.45,29
devise,Line,BUG,0.91,0.91,103.88,52231.0,228.54,0.22,0.41,68
devise,Module,BUG,0.93,0.93,9.8,507.82,22.53,0.25,0.56,68
webpack,Line,TESTING,0.96,0.96,1177.32,8389092.61,2896.39,0.27,0.38,131
webpack,Module,TESTING,0.98,0.98,39.09,8141.77,90.23,0.29,0.5,131
jekyll,Line,REFACTOR,0.83,0.81,125.5,48148.89,219.43,0.09,0.23,22
jekyll,Module,REFACTOR,0.84,0.81,2.95,39.48,6.28,0.23,0.41,22
lodash,Line,REFACTOR,0.99,0.99,62.06,18467.81,135.9,0.78,0.78,9
lodash,Module,REFACTOR,0.98,0.97,1.02,5.42,2.33,0.78,0.78,9
pm2,Line,REFACTOR,0.89,0.86,851.73,2175879.84,1475.09,0.3,0.6,10
pm2,Module,REFACTOR,0.86,0.79,14.38,306.53,17.51,0.3,0.4,10
requests,Line,REFACTOR,0.76,0.69,303.54,255834.96,505.8,0.0,0.1,10
requests,Module,REFACTOR,0.83,0.74,1.91,4.98,2.23,0.1,0.2,10
socket.io,Line,SUPPORT,0.89,0.88,338.06,456196.79,675.42,0.15,0.35,20
socket.io,Module,SUPPORT,0.93,0.92,5.27,45.74,6.76,0.15,0.4,20
video.js,Line,REFACTOR,1.0,1.0,3318.84,36654617.79,6054.31,0.62,0.62,13
video.js,Module,REFACTOR,1.0,1.0,298.83,264954.41,514.74,0.62,0.62,13
devise,Line,DOCS,0.85,0.83,30.92,1983.88,44.54,0.05,0.25,20
devise,Module,DOCS,0.94,0.93,2.44,10.78,3.28,0.35,0.6,20
webpack,Line,FEATURE,0.88,0.88,875.63,4872068.61,2207.28,0.29,0.4,63
webpack,Module,FEATURE,0.83,0.82,43.92,31695.82,178.03,0.37,0.43,63
jekyll,Line,TESTING,0.93,0.93,200.79,177337.22,421.11,0.21,0.41,70
jekyll,Module,TESTING,0.96,0.96,28.09,6854.42,82.79,0.39,0.56,70
lodash,Line,TESTING,1.0,1.0,2025.04,21227081.27,4607.29,0.24,0.33,49
lodash,Module,TESTING,1.0,1.0,47.57,10639.21,103.15,0.37,0.55,49
pm2,Line,TESTING,0.85,0.84,800.32,2758082.94,1660.75,0.11,0.3,27
pm2,Module,TESTING,0.9,0.89,13.46,654.38,25.58,0.37,0.52,27
requests,Line,TESTING,0.84,0.84,168.83,169021.99,411.12,0.22,0.29,73
requests,Module,TESTING,0.93,0.93,2.08,33.0,5.74,0.62,0.81,73
socket.io,Line,OTHER,0.85,0.85,6581.56,816386805.01,28572.48,0.12,0.21,84
socket.io,Module,OTHER,0.96,0.96,57.09,58080.02,241.0,0.45,0.58,84
video.js,Line,TESTING,0.99,0.99,5675.88,151207665.14,12296.65,0.36,0.48,42
video.js,Module,TESTING,0.99,0.99,28.24,2315.77,48.12,0.48,0.55,42
devise,Line,REFACTOR,0.94,0.92,44.61,5604.5,74.86,0.2,0.3,10
devise,Module,REFACTOR,0.94,0.91,4.63,70.17,8.38,0.2,0.3,10
webpack,Line,UPGRADE,0.94,0.94,629.43,811158.24,900.64,0.18,0.24,38
webpack,Module,UPGRADE,0.96,0.96,10.3,363.12,19.06,0.26,0.42,38
jekyll,Line,FEATURE,0.89,0.88,518.47,1904087.63,1379.89,0.12,0.28,25
jekyll,Module,FEATURE,0.95,0.94,69.51,30424.75,174.43,0.44,0.56,25
lodash,Line,FEATURE,0.99,0.99,43.0,10099.14,100.49,0.71,0.71,14
lodash,Module,FEATURE,1.0,1.0,1.77,11.34,3.37,0.64,0.64,14
pm2,Line,FEATURE,0.92,0.9,189.96,43067.38,207.53,0.0,0.4,10
pm2,Module,FEATURE,0.93,0.9,8.66,133.94,11.57,0.3,0.4,10
requests,Line,FEATURE,0.73,0.7,11.24,221.48,14.88,0.0,0.0,21
requests,Module,FEATURE,0.84,0.81,0.53,0.58,0.76,0.14,0.19,21
video.js,Line,FEATURE,0.98,0.98,6849.49,174568003.76,13212.42,0.41,0.62,29
video.js,Module,FEATURE,0.98,0.98,223.22,182640.75,427.36,0.45,0.55,29
devise,Line,TESTING,0.95,0.95,303.7,286483.82,535.24,0.35,0.65,40
devise,Module,TESTING,0.98,0.98,17.61,791.58,28.14,0.15,0.45,40
jest,Line,BUG,0.95,0.95,2583.46,43462017.05,6592.57,0.17,0.27,75
jest,Module,BUG,0.96,0.96,116.96,105825.27,325.31,0.24,0.48,75
pm2,Line,UPGRADE,0.85,0.79,110.89,55276.61,235.11,0.0,0.38,8
pm2,Module,UPGRADE,0.84,0.72,6.71,114.39,10.7,0.12,0.12,8
video.js,Line,UPGRADE,0.74,0.74,37.21,1730.56,41.6,0.33,0.33,3
video.js,Module,UPGRADE,0.84,1.32,0.92,1.2,1.1,0.33,0.67,3
devise,Line,FEATURE,1.0,1.0,0.0,0.0,0.0,1.0,1.0,2
devise,Module,FEATURE,1.0,1.0,0.0,0.0,0.0,1.0,1.0,2
jekyll,Line,UPGRADE,0.96,0.96,150.56,133869.04,365.88,0.19,0.33,27
jekyll,Module,UPGRADE,0.97,0.97,21.14,2562.08,50.62,0.44,0.63,27
lodash,Line,UPGRADE,1.0,1.0,68.16,12751.14,112.92,0.5,0.5,14
lodash,Module,UPGRADE,1.0,1.0,1.56,6.23,2.5,0.57,0.71,14
requests,Line,UPGRADE,0.76,0.71,298.32,239092.46,488.97,0.0,0.0,13
requests,Module,UPGRADE,0.78,0.71,4.8,62.42,7.9,0.46,0.54,13
pm2,Line,RELEASE,0.75,1.25,4.0,16.0,4.0,0.0,1.0,2
pm2,Module,RELEASE,0.75,1.12,2.0,4.0,2.0,0.0,0.0,2
webtorrent,Line,BUG,0.47,0.46,136.21,247049.25,497.04,0.11,0.24,144
webtorrent,Module,BUG,0.82,0.82,1.94,37.74,6.14,0.39,0.62,144
jest,Line,DOCS,0.81,0.79,2331.82,11710872.28,3422.12,0.04,0.21,24
jest,Module,DOCS,0.92,0.91,28.7,1942.15,44.07,0.12,0.29,24
video.js,Line,RELEASE,0.94,0.94,1244.0,7773302.76,2788.06,0.59,0.67,27
video.js,Module,RELEASE,0.87,0.85,10.76,1895.18,43.53,0.7,0.74,27
devise,Line,UPGRADE,0.92,0.9,108.27,19372.32,139.18,0.15,0.23,13
devise,Module,UPGRADE,0.99,0.99,2.68,14.11,3.76,0.31,0.77,13
lodash,Line,RELEASE,0.93,0.91,67.96,19329.9,139.03,0.7,0.7,10
lodash,Module,RELEASE,0.98,0.97,0.98,5.46,2.34,0.9,0.9,10
jekyll,Line,RELEASE,0.94,0.94,235.98,266877.25,516.6,0.13,0.39,54
jekyll,Module,RELEASE,0.97,0.97,8.07,343.63,18.54,0.22,0.59,54
requests,Line,RELEASE,0.8,0.79,4.82,42.79,6.54,0.06,0.16,31
requests,Module,RELEASE,0.84,0.82,0.51,0.47,0.69,0.23,0.35,31
pm2,Line,SUPPORT,0.87,0.85,70.41,11656.25,107.96,0.07,0.33,15
pm2,Module,SUPPORT,0.81,0.76,16.58,1362.48,36.91,0.2,0.53,15
webtorrent,Line,DOCS,0.92,0.91,89.22,25982.39,161.19,0.28,0.4,25
webtorrent,Module,DOCS,0.93,0.92,0.96,1.68,1.3,0.28,0.64,25
jest,Line,REFACTOR,0.7,0.55,423.84,263992.76,513.8,0.0,0.14,7
jest,Module,REFACTOR,0.87,0.74,2.35,13.76,3.71,0.43,0.57,7
video.js,Line,SUPPORT,0.86,0.84,2220.94,15977473.83,3997.18,0.18,0.29,17
video.js,Module,SUPPORT,0.86,0.83,17.99,722.69,26.88,0.29,0.35,17
webtorrent,Line,REFACTOR,0.55,0.1,202.0,55526.4,235.64,0.2,0.2,5
webtorrent,Module,REFACTOR,0.8,0.2,1.4,2.23,1.49,0.0,0.4,5
jekyll,Line,SUPPORT,0.92,0.91,93.12,20094.87,141.76,0.18,0.35,34
jekyll,Module,SUPPORT,0.95,0.94,3.45,19.12,4.37,0.29,0.56,34
devise,Line,RELEASE,0.94,0.94,53.17,7786.11,88.24,0.21,0.33,39
devise,Module,RELEASE,0.98,0.98,2.63,13.68,3.7,0.38,0.62,39
lodash,Line,SUPPORT,1.0,1.0,480.54,1083493.45,1040.91,0.24,0.38,29
lodash,Module,SUPPORT,1.0,1.0,8.58,422.9,20.56,0.31,0.48,29
requests,Line,SUPPORT,0.86,0.85,32.98,1877.02,43.32,0.13,0.29,38
requests,Module,SUPPORT,0.92,0.91,1.37,3.46,1.86,0.29,0.66,38
pm2,Line,OTHER,0.86,0.86,1393.61,6283912.26,2506.77,0.15,0.26,92
pm2,Module,OTHER,0.86,0.86,50.11,10636.08,103.13,0.27,0.5,92
jest,Line,TESTING,0.89,0.88,9539.76,789310406.42,28094.67,0.13,0.28,46
jest,Module,TESTING,0.95,0.95,269.85,421947.0,649.57,0.22,0.35,46
video.js,Line,OTHER,0.81,0.81,21488.73,1158941268.56,34043.23,0.3,0.53,310
video.js,Module,OTHER,0.97,0.97,74.91,94736.88,307.79,0.54,0.66,310
webtorrent,Line,TESTING,0.85,0.84,91.56,33386.57,182.72,0.15,0.29,55
webtorrent,Module,TESTING,0.82,0.81,4.49,56.51,7.52,0.09,0.31,55
devise,Line,SUPPORT,0.95,0.94,147.11,72508.42,269.27,0.09,0.23,22
devise,Module,SUPPORT,0.97,0.96,7.77,220.46,14.85,0.45,0.64,22
jekyll,Line,OTHER,0.93,0.93,2656.87,29292243.49,5412.23,0.08,0.23,104
jekyll,Module,OTHER,0.97,0.97,269.13,642642.92,801.65,0.31,0.62,104
lodash,Line,OTHER,0.99,0.99,17843.05,1475931554.62,38417.85,0.14,0.22,160
lodash,Module,OTHER,0.99,0.99,308.92,1270403.4,1127.12,0.29,0.49,160
requests,Line,OTHER,0.82,0.82,2043.86,37257796.25,6103.92,0.14,0.27,125
requests,Module,OTHER,0.93,0.93,29.02,5588.11,74.75,0.52,0.78,125
jest,Line,FEATURE,0.89,0.85,1871.61,15004718.2,3873.59,0.12,0.38,8
jest,Module,FEATURE,0.86,0.76,175.87,161387.75,401.73,0.25,0.38,8
npm,Line,BUG,1.0,1.0,1863.91,39838215.84,6311.75,0.17,0.29,226
npm,Module,BUG,1.0,1.0,24.72,5895.38,76.78,0.29,0.6,226
webtorrent,Line,FEATURE,0.35,0.02,3.21,16.46,4.06,0.0,0.0,7
webtorrent,Module,FEATURE,0.7,0.4,0.58,0.45,0.67,0.0,0.0,7
devise,Line,OTHER,0.9,0.9,1322.65,12383186.12,3518.98,0.11,0.3,80
devise,Module,OTHER,0.95,0.95,72.64,39027.29,197.55,0.38,0.6,80
webtorrent,Line,UPGRADE,0.66,0.66,29.16,865.24,29.41,0.0,0.0,3
webtorrent,Module,UPGRADE,0.79,1.42,0.69,0.52,0.72,0.0,0.0,3
jest,Line,UPGRADE,0.83,0.79,19141.79,1663892322.61,40790.84,0.0,0.0,12
jest,Module,UPGRADE,0.93,0.9,106.72,41490.67,203.69,0.08,0.17,12
mongoose,Line,BUG,0.95,0.95,5011.67,312860242.43,17687.86,0.14,0.28,440
mongoose,Module,BUG,0.99,0.99,24.07,5373.36,73.3,0.38,0.62,440
superagent,Line,BUG,0.47,0.45,701.46,4474914.52,2115.4,0.11,0.19,62
superagent,Module,BUG,0.88,0.87,3.47,35.21,5.93,0.21,0.44,62
keystone,Line,BUG,0.98,0.98,11563.5,7548672356.07,86883.1,0.06,0.2,140
keystone,Module,BUG,0.98,0.98,138.47,764634.47,874.43,0.2,0.43,140
medium-editor,Line,BUG,0.98,0.98,415.59,2738061.26,1654.71,0.11,0.24,104
medium-editor,Module,BUG,0.99,0.99,22.41,10437.55,102.16,0.26,0.48,104
npm,Line,DOCS,0.86,0.86,946.92,9970026.83,3157.53,0.3,0.33,94
npm,Module,DOCS,0.97,0.97,11.02,435.0,20.86,0.45,0.53,94
jest,Line,RELEASE,0.8,0.78,1952.94,32198876.76,5674.41,0.17,0.17,23
jest,Module,RELEASE,0.91,0.9,21.16,1544.76,39.3,0.3,0.39,23
mongoose,Line,DOCS,0.94,0.94,36611.38,11376635911.8,106661.31,0.06,0.13,223
mongoose,Module,DOCS,0.98,0.98,103.08,87729.06,296.19,0.22,0.35,223
pandoc,Line,BUG,0.95,0.95,494.73,2249966.9,1499.99,0.25,0.41,73
pandoc,Module,BUG,0.96,0.96,24.39,7170.07,84.68,0.37,0.64,73
keystone,Line,DOCS,0.96,0.96,6526.0,362288553.48,19033.88,0.03,0.06,62
keystone,Module,DOCS,0.97,0.97,54.43,28467.07,168.72,0.27,0.35,62
superagent,Line,DOCS,0.83,0.8,398.63,661982.09,813.62,0.13,0.27,15
superagent,Module,DOCS,0.87,0.83,2.74,16.55,4.07,0.2,0.33,15
swagger-ui,Line,BUG,0.84,0.84,734.55,8431705.11,2903.74,0.11,0.22,116
swagger-ui,Module,BUG,0.9,0.9,30.39,5624.89,75.0,0.22,0.38,116
medium-editor,Line,DOCS,0.99,0.99,183.2,167455.47,409.21,0.35,0.39,23
medium-editor,Module,DOCS,0.98,0.98,2.37,20.98,4.58,0.43,0.7,23
npm,Line,REFACTOR,0.89,0.87,166.52,56845.04,238.42,0.23,0.31,13
npm,Module,REFACTOR,0.9,0.87,5.03,56.86,7.54,0.08,0.38,13
jest,Line,SUPPORT,0.84,0.81,22469.55,3319155452.05,57612.11,0.07,0.13,15
jest,Module,SUPPORT,0.89,0.86,163.27,188905.3,434.63,0.13,0.27,15
mongoose,Line,REFACTOR,1.0,1.0,1031.37,6416649.11,2533.11,0.24,0.42,124
mongoose,Module,REFACTOR,1.0,1.0,8.77,297.09,17.24,0.38,0.6,124
pandoc,Line,DOCS,0.97,0.97,227.95,123094.36,350.85,0.18,0.36,22
pandoc,Module,DOCS,0.92,0.91,7.87,263.07,16.22,0.36,0.55,22
keystone,Line,REFACTOR,0.96,0.96,22779.1,6289433569.14,79305.95,0.21,0.3,33
keystone,Module,REFACTOR,0.98,0.98,411.06,1778181.21,1333.48,0.33,0.52,33
swagger-ui,Line,DOCS,0.79,0.76,37.76,3213.69,56.69,0.11,0.33,18
swagger-ui,Module,DOCS,0.8,0.76,4.11,30.23,5.5,0.17,0.28,18
superagent,Line,REFACTOR,0.82,0.77,4987.41,87271824.03,9341.94,0.09,0.09,11
superagent,Module,REFACTOR,0.87,0.81,14.8,1004.86,31.7,0.18,0.18,11
medium-editor,Line,REFACTOR,0.98,0.98,188.88,68666.33,262.04,0.25,0.42,12
medium-editor,Module,REFACTOR,0.98,0.97,5.23,42.97,6.56,0.08,0.5,12
npm,Line,TESTING,0.97,0.97,949.28,18758477.99,4331.11,0.08,0.19,90
npm,Module,TESTING,0.99,0.99,28.84,12363.68,111.19,0.14,0.31,90
npm,Line,FEATURE,0.86,0.72,1686.49,13820988.96,3717.66,0.0,0.0,5
npm,Module,FEATURE,0.86,0.44,25.75,3175.29,56.35,0.2,0.4,5
jest,Line,OTHER,0.9,0.9,53687.88,29055040990.4,170455.39,0.07,0.19,112
jest,Module,OTHER,0.84,0.84,2989.73,76144987.38,8726.11,0.21,0.31,112
pandoc,Line,REFACTOR,0.87,0.86,653.66,1528558.07,1236.35,0.23,0.36,22
pandoc,Module,REFACTOR,0.97,0.96,5.26,82.66,9.09,0.09,0.32,22
mongoose,Line,TESTING,0.96,0.96,1034.69,5955925.2,2440.48,0.19,0.37,330
mongoose,Module,TESTING,0.99,0.99,20.69,2659.12,51.57,0.5,0.68,330
swagger-ui,Line,REFACTOR,0.75,0.67,85.44,10374.15,101.85,0.11,0.44,9
swagger-ui,Module,REFACTOR,0.79,0.66,5.41,56.34,7.51,0.11,0.11,9
keystone,Line,TESTING,0.99,0.99,9211.77,1147172717.2,33869.94,0.14,0.35,51
keystone,Module,TESTING,0.99,0.99,71.47,53321.89,230.92,0.22,0.41,51
superagent,Line,TESTING,0.76,0.75,1403.23,18638533.78,4317.24,0.11,0.17,36
superagent,Module,TESTING,0.87,0.86,8.46,334.72,18.3,0.25,0.42,36
medium-editor,Line,TESTING,0.99,0.99,478.21,2757782.91,1660.66,0.13,0.33,52
medium-editor,Module,TESTING,0.99,0.99,14.66,3149.93,56.12,0.29,0.42,52
superagent,Line,FEATURE,0.84,0.52,85.06,12109.0,110.04,0.25,0.25,4
superagent,Module,FEATURE,0.81,0.81,3.65,15.44,3.93,0.0,0.5,4
npm,Line,UPGRADE,0.98,0.98,3730.18,761793232.64,27600.6,0.15,0.24,135
npm,Module,UPGRADE,0.99,0.99,60.32,185798.78,431.04,0.24,0.41,135
superagent,Line,UPGRADE,1.0,1.0,0.0,0.0,0.0,1.0,1.0,2
superagent,Module,UPGRADE,1.0,1.0,0.0,0.0,0.0,1.0,1.0,2
pandoc,Line,TESTING,0.94,0.94,2394.89,39494025.09,6284.43,0.09,0.26,53
pandoc,Module,TESTING,0.97,0.97,33.81,12463.8,111.64,0.26,0.49,53
swagger-ui,Line,TESTING,0.78,0.76,3566.52,144735557.58,12030.61,0.06,0.12,32
swagger-ui,Module,TESTING,0.84,0.82,7.14,191.01,13.82,0.12,0.38,32
mongoose,Line,FEATURE,0.99,0.99,189.07,244806.5,494.78,0.37,0.46,63
mongoose,Module,FEATURE,0.99,0.99,7.54,350.58,18.72,0.41,0.62,63
keystone,Line,FEATURE,0.91,0.88,1257.79,4693952.07,2166.55,0.1,0.3,10
keystone,Module,FEATURE,0.91,0.86,27.73,1583.91,39.8,0.0,0.2,10
npm,Line,RELEASE,0.75,1.25,51.0,2601.0,51.0,0.0,0.0,2
npm,Module,RELEASE,0.75,1.12,2.0,4.0,2.0,0.0,0.0,2
medium-editor,Line,FEATURE,0.97,0.96,46.25,3054.88,55.27,0.0,0.17,12
medium-editor,Module,FEATURE,0.98,0.97,1.66,4.65,2.16,0.08,0.42,12
selenium,Line,BUG,0.87,0.86,8644.06,394667109.11,19866.23,0.04,0.18,45
selenium,Module,BUG,0.95,0.95,122.71,84186.59,290.15,0.29,0.58,45
pandoc,Line,FEATURE,0.94,0.91,62.65,4591.59,67.76,0.0,0.29,7
pandoc,Module,FEATURE,0.96,0.92,3.27,17.16,4.14,0.14,0.43,7
medium-editor,Line,UPGRADE,0.98,0.97,42.96,2728.49,52.23,0.33,0.33,6
medium-editor,Module,UPGRADE,0.95,0.87,4.25,28.61,5.35,0.5,0.5,6
superagent,Line,RELEASE,0.81,0.79,52.43,10111.56,100.56,0.17,0.39,23
superagent,Module,RELEASE,0.89,0.87,1.77,11.38,3.37,0.3,0.74,23
swagger-ui,Line,FEATURE,0.84,0.82,12746.08,539676431.5,23230.94,0.0,0.0,21
swagger-ui,Module,FEATURE,0.89,0.87,68.69,23907.59,154.62,0.0,0.0,21
mongoose,Line,UPGRADE,0.8,0.79,131.96,171074.51,413.61,0.19,0.29,48
mongoose,Module,UPGRADE,0.95,0.95,3.73,74.58,8.64,0.46,0.65,48
keystone,Line,UPGRADE,0.84,0.83,822.39,1160927.44,1077.46,0.06,0.06,35
keystone,Module,UPGRADE,0.9,0.89,21.98,890.88,29.85,0.09,0.34,35
npm,Line,SUPPORT,0.9,0.9,76.22,79264.87,281.54,0.15,0.23,60
npm,Module,SUPPORT,0.91,0.91,2.23,89.22,9.45,0.33,0.6,60
medium-editor,Line,RELEASE,0.83,0.83,51.36,4185.75,64.7,0.67,0.67,3
medium-editor,Module,RELEASE,0.83,1.34,5.28,44.24,6.65,0.67,0.67,3
selenium,Line,DOCS,0.92,0.91,25460.34,2718585906.38,52140.06,0.0,0.06,16
selenium,Module,DOCS,0.89,0.86,490.25,611619.39,782.06,0.06,0.19,16
swagger-ui,Line,UPGRADE,0.85,0.7,13610.16,322625833.98,17961.79,0.2,0.2,5
swagger-ui,Module,UPGRADE,0.79,0.16,57.49,6056.83,77.83,0.2,0.2,5
pandoc,Line,UPGRADE,0.97,0.97,178.22,96674.28,310.92,0.08,0.12,25
pandoc,Module,UPGRADE,0.97,0.97,4.9,350.03,18.71,0.68,0.88,25
superagent,Line,SUPPORT,0.84,0.83,911.04,4754940.17,2180.58,0.19,0.42,26
superagent,Module,SUPPORT,0.86,0.84,3.5,29.93,5.47,0.12,0.38,26
mongoose,Line,RELEASE,0.93,0.93,8748.14,1217097550.83,34886.93,0.54,0.74,334
mongoose,Module,RELEASE,0.97,0.97,23.03,7918.11,88.98,0.81,0.89,334
keystone,Line,RELEASE,0.78,0.77,382.96,954776.06,977.13,0.03,0.04,71
keystone,Module,RELEASE,0.83,0.82,64.21,19606.61,140.02,0.07,0.13,71
npm,Line,OTHER,0.99,0.99,43700.15,16619827373.52,128917.91,0.1,0.24,421
npm,Module,OTHER,0.99,0.99,549.08,2894312.45,1701.27,0.27,0.51,421
medium-editor,Line,SUPPORT,0.94,0.93,686.12,1600258.46,1265.01,0.32,0.32,25
medium-editor,Module,SUPPORT,0.97,0.97,13.54,902.84,30.05,0.36,0.44,25
selenium,Line,REFACTOR,0.97,0.96,7435.7,77986367.56,8830.99,0.23,0.38,13
selenium,Module,REFACTOR,0.97,0.96,64.98,4998.74,70.7,0.31,0.38,13
swagger-ui,Line,RELEASE,0.8,0.79,415.21,712491.34,844.09,0.12,0.22,32
swagger-ui,Module,RELEASE,0.89,0.88,1.95,6.08,2.47,0.47,0.78,32
pandoc,Line,RELEASE,0.97,0.97,334.83,418483.48,646.9,0.12,0.24,17
pandoc,Module,RELEASE,0.98,0.98,4.35,89.66,9.47,0.29,0.53,17
superagent,Line,OTHER,0.65,0.64,1024.46,5252782.26,2291.89,0.1,0.17,88
superagent,Module,OTHER,0.91,0.91,9.84,363.19,19.06,0.31,0.61,88
mongoose,Line,SUPPORT,0.94,0.94,1489.3,19145868.75,4375.6,0.18,0.31,125
mongoose,Module,SUPPORT,0.99,0.99,6.3,293.52,17.13,0.5,0.67,125
keystone,Line,SUPPORT,0.94,0.94,616.49,1382198.24,1175.67,0.13,0.21,38
keystone,Module,SUPPORT,0.94,0.93,22.24,2686.26,51.83,0.29,0.39,38
medium-editor,Line,OTHER,0.97,0.97,3769.98,100073568.16,10003.68,0.15,0.29,122
medium-editor,Module,OTHER,0.99,0.99,81.98,45905.23,214.26,0.3,0.62,122
selenium,Line,TESTING,0.92,0.92,37394.38,10352116170.23,101745.35,0.11,0.19,37
selenium,Module,TESTING,0.94,0.93,301.79,540954.95,735.5,0.19,0.49,37
swagger-ui,Line,SUPPORT,0.81,0.8,494.42,882127.44,939.22,0.06,0.09,32
swagger-ui,Module,SUPPORT,0.83,0.81,5.84,106.15,10.3,0.19,0.44,32
browser-sync,Line,BUG,0.77,0.76,1051.77,17465770.19,4179.21,0.19,0.32,59
browser-sync,Module,BUG,0.93,0.93,5.62,97.85,9.89,0.19,0.37,59
pandoc,Line,SUPPORT,0.96,0.96,738.35,3225010.24,1795.83,0.19,0.36,42
pandoc,Module,SUPPORT,0.97,0.97,19.26,2467.89,49.68,0.21,0.45,42
mongoose,Line,OTHER,0.98,0.98,7146.74,324240987.44,18006.69,0.09,0.18,451
mongoose,Module,OTHER,0.99,0.99,51.81,31471.86,177.4,0.25,0.42,451
keystone,Line,OTHER,0.99,0.99,39332.51,61682317011.36,248359.25,0.14,0.23,184
keystone,Module,OTHER,0.99,0.99,427.98,6013820.73,2452.31,0.18,0.33,184
selenium,Line,FEATURE,0.88,0.84,1059.7,5508607.98,2347.04,0.11,0.33,9
selenium,Module,FEATURE,0.87,0.79,23.07,2453.06,49.53,0.11,0.22,9
generator-jhipster,Line,BUG,0.85,0.85,1221.5,14713360.92,3835.8,0.14,0.28,159
generator-jhipster,Module,BUG,0.96,0.96,49.66,12060.26,109.82,0.2,0.37,159
swagger-ui,Line,OTHER,0.81,0.81,8269.97,243248197.53,15596.42,0.04,0.13,136
swagger-ui,Module,OTHER,0.85,0.85,115.4,78569.9,280.3,0.19,0.32,136
browser-sync,Line,DOCS,0.75,0.69,27.52,1094.31,33.08,0.09,0.09,11
browser-sync,Module,DOCS,0.78,0.69,2.8,14.69,3.83,0.09,0.27,11
pandoc,Line,OTHER,0.98,0.98,6142.97,333421453.94,18259.83,0.15,0.34,95
pandoc,Module,OTHER,0.98,0.98,137.5,293918.05,542.14,0.35,0.62,95
karma,Line,BUG,0.79,0.79,829.11,5940779.9,2437.37,0.19,0.37,145
karma,Module,BUG,0.97,0.97,13.75,1664.56,40.8,0.42,0.66,145
selenium,Line,UPGRADE,0.98,0.98,3997.21,49657135.23,7046.78,0.23,0.46,13
selenium,Module,UPGRADE,0.96,0.95,31.41,1827.76,42.75,0.23,0.54,13
generator-jhipster,Line,DOCS,0.85,0.84,39.81,5456.61,73.87,0.22,0.3,23
generator-jhipster,Module,DOCS,0.89,0.87,2.07,10.39,3.22,0.26,0.57,23
jsdom,Line,BUG,0.89,0.89,384.59,1664927.69,1290.32,0.14,0.26,166
jsdom,Module,BUG,0.95,0.95,4.32,111.26,10.55,0.3,0.56,166
stylus,Line,BUG,0.82,0.82,115.84,160630.91,400.79,0.22,0.45,139
stylus,Module,BUG,0.97,0.97,4.79,75.29,8.68,0.37,0.65,139
browser-sync,Line,REFACTOR,0.82,0.77,248.62,115609.17,340.01,0.3,0.4,10
browser-sync,Module,REFACTOR,0.86,0.79,6.81,89.53,9.46,0.4,0.5,10
karma,Line,DOCS,0.68,0.67,848.89,2331987.59,1527.08,0.09,0.19,74
karma,Module,DOCS,0.95,0.95,16.98,813.35,28.52,0.14,0.31,74
pomelo,Line,BUG,1.0,1.0,29.69,2123.32,46.08,0.42,0.62,26
pomelo,Module,BUG,1.0,1.0,3.28,34.53,5.88,0.5,0.85,26
systemjs,Line,BUG,0.79,0.78,920.62,11872490.86,3445.65,0.09,0.24,68
systemjs,Module,BUG,0.83,0.82,24.04,6404.27,80.03,0.32,0.5,68
selenium,Line,RELEASE,0.93,0.92,3070.86,25118042.48,5011.79,0.15,0.3,20
selenium,Module,RELEASE,0.91,0.89,24.34,6639.41,81.48,0.45,0.8,20
generator-jhipster,Line,REFACTOR,0.91,0.91,2324.8,32402078.97,5692.28,0.16,0.23,43
generator-jhipster,Module,REFACTOR,0.96,0.96,47.74,10722.73,103.55,0.09,0.33,43
stylus,Line,DOCS,0.82,0.81,3763.06,183511545.45,13546.64,0.12,0.19,48
stylus,Module,DOCS,0.82,0.81,19.88,6077.24,77.96,0.56,0.69,48
jsdom,Line,DOCS,0.75,0.7,20.3,937.56,30.62,0.23,0.31,13
jsdom,Module,DOCS,0.86,0.81,1.15,2.4,1.55,0.38,0.54,13
browser-sync,Line,TESTING,0.97,0.97,189.42,60700.29,246.37,0.15,0.3,27
browser-sync,Module,TESTING,0.98,0.98,8.25,132.55,11.51,0.33,0.37,27
karma,Line,REFACTOR,0.93,0.93,823.27,2489374.9,1577.78,0.13,0.23,39
karma,Module,REFACTOR,0.93,0.92,18.03,1797.87,42.4,0.28,0.41,39
systemjs,Line,DOCS,0.93,0.92,239.31,132108.73,363.47,0.14,0.14,28
systemjs,Module,DOCS,0.95,0.94,4.57,48.79,6.98,0.46,0.61,28
selenium,Line,SUPPORT,0.92,0.91,4505.7,64458176.77,8028.58,0.24,0.36,25
selenium,Module,SUPPORT,0.88,0.86,100.43,34754.74,186.43,0.2,0.36,25
fpm,Line,BUG,0.87,0.86,222.19,459606.44,677.94,0.12,0.35,43
fpm,Module,BUG,0.86,0.85,21.15,4084.65,63.91,0.4,0.63,43
generator-jhipster,Line,TESTING,0.96,0.96,670.27,1696398.57,1302.46,0.18,0.25,106
generator-jhipster,Module,TESTING,0.96,0.96,30.7,4952.02,70.37,0.15,0.35,106
stylus,Line,REFACTOR,0.86,0.85,61.01,15827.39,125.81,0.09,0.26,34
stylus,Module,REFACTOR,0.89,0.88,2.49,16.37,4.05,0.24,0.41,34
jsdom,Line,REFACTOR,0.5,0.42,388.01,278315.71,527.56,0.07,0.2,15
jsdom,Module,REFACTOR,0.75,0.68,3.25,17.38,4.17,0.13,0.33,15
browser-sync,Line,FEATURE,0.88,0.85,45.02,4351.76,65.97,0.0,0.08,12
browser-sync,Module,FEATURE,0.73,0.63,2.75,12.63,3.55,0.0,0.17,12
karma,Line,TESTING,0.81,0.8,1362.74,8330995.64,2886.35,0.11,0.2,66
karma,Module,TESTING,0.93,0.93,13.98,646.43,25.43,0.21,0.36,66
fpm,Line,DOCS,0.83,0.66,96.18,10746.8,103.67,0.0,0.0,5
fpm,Module,DOCS,0.86,0.44,4.27,33.87,5.82,0.2,0.2,5
browser-sync,Line,UPGRADE,0.85,0.85,8.0,74.04,8.6,0.0,0.33,3
browser-sync,Module,UPGRADE,0.78,1.44,1.79,3.42,1.85,0.0,0.0,3
systemjs,Line,REFACTOR,0.98,0.97,308.99,203402.09,451.0,0.78,0.89,9
systemjs,Module,REFACTOR,0.98,0.97,5.91,90.98,9.54,0.78,0.89,9
selenium,Line,OTHER,0.95,0.95,121999.5,116317890592.55,341054.09,0.07,0.22,58
selenium,Module,OTHER,0.95,0.95,1035.38,8117009.68,2849.04,0.21,0.4,58
generator-jhipster,Line,FEATURE,0.75,0.73,275.01,458385.46,677.04,0.06,0.1,31
generator-jhipster,Module,FEATURE,0.76,0.73,9.17,215.47,14.68,0.03,0.1,31
stylus,Line,TESTING,0.83,0.82,92.7,26618.6,163.15,0.13,0.26,53
stylus,Module,TESTING,0.83,0.82,9.48,1085.7,32.95,0.45,0.66,53
jsdom,Line,TESTING,0.67,0.66,102011.64,74232958128.86,272457.26,0.05,0.11,114
jsdom,Module,TESTING,0.83,0.83,33.82,16090.43,126.85,0.18,0.42,114
fpm,Line,REFACTOR,0.89,0.78,613.19,826310.0,909.02,0.0,0.2,5
fpm,Module,REFACTOR,0.89,0.56,18.8,667.41,25.83,0.0,0.0,5
browser-sync,Line,RELEASE,0.89,0.82,10.67,264.88,16.28,0.17,0.17,6
browser-sync,Module,RELEASE,0.82,0.55,1.99,5.93,2.43,0.17,0.33,6
karma,Line,FEATURE,0.94,0.94,722.14,1978846.78,1406.71,0.07,0.13,61
karma,Module,FEATURE,0.97,0.97,27.02,2127.8,46.13,0.18,0.26,61
systemjs,Line,TESTING,0.85,0.84,4109.43,233172770.47,15270.0,0.26,0.39,23
systemjs,Module,TESTING,0.85,0.83,75.95,64767.91,254.5,0.3,0.39,23
stylus,Line,FEATURE,0.78,0.76,55.01,18757.01,136.96,0.0,0.05,23
stylus,Module,FEATURE,0.81,0.78,2.21,19.18,4.38,0.0,0.09,23
generator-jhipster,Line,UPGRADE,0.87,0.87,364.69,1427307.86,1194.7,0.13,0.24,87
generator-jhipster,Module,UPGRADE,0.92,0.92,13.03,941.04,30.68,0.21,0.36,87
jsdom,Line,FEATURE,0.81,0.77,46.12,2825.6,53.16,0.15,0.31,13
jsdom,Module,FEATURE,0.9,0.87,2.43,11.86,3.44,0.23,0.46,13
fpm,Line,TESTING,0.88,0.86,159.0,195672.68,442.35,0.17,0.22,18
fpm,Module,TESTING,0.87,0.84,8.56,571.38,23.9,0.39,0.56,18
browser-sync,Line,SUPPORT,0.56,0.41,43.9,2697.46,51.94,0.11,0.33,9
browser-sync,Module,SUPPORT,0.94,0.9,1.25,3.34,1.83,0.56,0.67,9
nightwatch,Line,BUG,0.88,0.88,200.39,156107.62,395.1,0.14,0.29,87
nightwatch,Module,BUG,0.9,0.9,9.65,373.54,19.33,0.21,0.39,87
karma,Line,UPGRADE,0.83,0.81,187.65,340886.4,583.85,0.62,0.62,21
karma,Module,UPGRADE,0.97,0.96,0.64,3.17,1.78,0.81,0.81,21
stylus,Line,UPGRADE,0.73,0.19,9.28,102.55,10.13,0.0,0.0,4
stylus,Module,UPGRADE,0.85,0.85,0.5,0.34,0.58,0.25,0.75,4
fpm,Line,FEATURE,0.84,0.79,72.11,17970.24,134.05,0.0,0.11,9
fpm,Module,FEATURE,0.81,0.7,4.3,46.78,6.84,0.0,0.0,9
generator-jhipster,Line,RELEASE,0.85,0.84,22.86,2457.49,49.57,0.45,0.7,40
generator-jhipster,Module,RELEASE,0.95,0.95,2.41,25.03,5.0,0.62,0.88,40
jsdom,Line,UPGRADE,0.78,0.74,394.89,211687.93,460.1,0.0,0.15,13
jsdom,Module,UPGRADE,0.79,0.72,40.7,2894.14,53.8,0.0,0.08,13
browser-sync,Line,OTHER,0.87,0.87,464.27,1139707.98,1067.57,0.09,0.19,105
browser-sync,Module,OTHER,0.95,0.95,13.62,813.23,28.52,0.19,0.39,105
ng-file-upload,Line,BUG,0.14,0.12,253.99,235427.59,485.21,0.13,0.16,76
ng-file-upload,Module,BUG,0.9,0.9,5.88,68.6,8.28,0.3,0.5,76
nightwatch,Line,DOCS,0.79,0.75,1056.1,3613860.09,1901.02,0.15,0.15,13
nightwatch,Module,DOCS,0.87,0.83,7.88,114.86,10.72,0.08,0.15,13
karma,Line,RELEASE,0.99,0.99,40.43,5811.22,76.23,0.44,0.79,43
karma,Module,RELEASE,0.99,0.99,3.64,65.86,8.12,0.63,0.91,43
stylus,Line,RELEASE,0.42,0.41,4.5,161.06,12.69,0.73,0.86,100
stylus,Module,RELEASE,0.78,0.77,1.64,33.76,5.81,0.71,0.8,100
jsdom,Line,RELEASE,0.79,0.71,57.02,5695.2,75.47,0.12,0.12,8
jsdom,Module,RELEASE,0.95,0.91,0.57,0.73,0.85,0.38,0.88,8
fpm,Line,UPGRADE,0.9,0.89,51.89,18969.27,137.73,0.14,0.41,22
fpm,Module,UPGRADE,0.96,0.95,4.63,112.63,10.61,0.36,0.68,22
generator-jhipster,Line,SUPPORT,0.87,0.87,784.2,2866158.99,1692.97,0.12,0.28,64
generator-jhipster,Module,SUPPORT,0.83,0.82,51.18,21211.45,145.64,0.14,0.33,64
nightwatch,Line,REFACTOR,0.91,0.9,1859.78,16429254.2,4053.3,0.0,0.12,25
nightwatch,Module,REFACTOR,0.95,0.94,24.23,1383.57,37.2,0.04,0.16,25
karma,Line,SUPPORT,0.66,0.55,30.86,1301.22,36.07,0.0,0.11,9
karma,Module,SUPPORT,0.79,0.66,1.25,2.39,1.55,0.44,0.67,9
natural,Line,BUG,0.9,0.86,5364.65,224076511.84,14969.19,0.25,0.5,8
natural,Module,BUG,0.9,0.82,27.68,2292.45,47.88,0.0,0.0,8
stylus,Line,SUPPORT,0.84,0.83,164.09,121019.38,347.88,0.13,0.19,47
stylus,Module,SUPPORT,0.86,0.85,8.47,293.32,17.13,0.19,0.4,47
dat,Line,BUG,0.8,0.79,116.46,86574.69,294.24,0.13,0.33,39
dat,Module,BUG,0.9,0.89,4.38,270.55,16.45,0.23,0.62,39
natural,Line,DOCS,0.75,1.25,120.0,14400.0,120.0,0.0,0.5,2
natural,Module,DOCS,0.75,1.12,6.0,36.0,6.0,0.0,0.0,2
fpm,Line,RELEASE,0.86,0.79,29.39,3467.63,58.89,0.0,0.14,7
fpm,Module,RELEASE,0.87,0.74,6.12,140.95,11.87,0.43,0.43,7
jsdom,Line,SUPPORT,0.23,0.18,244.91,190945.74,436.97,0.11,0.31,36
jsdom,Module,SUPPORT,0.74,0.72,4.55,42.9,6.55,0.28,0.33,36
natural,Line,REFACTOR,0.75,1.25,148.0,21904.0,148.0,0.0,0.0,2
natural,Module,REFACTOR,1.0,1.0,0.0,0.0,0.0,1.0,1.0,2
generator-jhipster,Line,OTHER,0.96,0.96,6510.94,212342397.79,14571.97,0.12,0.28,172
generator-jhipster,Module,OTHER,0.96,0.96,439.42,1588762.84,1260.46,0.19,0.35,172
nightwatch,Line,TESTING,0.75,0.74,2023.53,41104747.49,6411.3,0.19,0.32,47
nightwatch,Module,TESTING,0.79,0.78,28.21,7515.01,86.69,0.15,0.4,47
karma,Line,OTHER,0.88,0.88,6983.21,178385024.55,13356.09,0.09,0.21,113
karma,Module,OTHER,0.95,0.95,52.43,11904.09,109.11,0.2,0.43,113
natural,Line,TESTING,0.87,0.61,11808.29,458419210.59,21410.73,0.0,0.0,4
natural,Module,TESTING,0.88,0.88,14.1,580.06,24.08,0.5,0.5,4
stylus,Line,OTHER,0.81,0.81,506.82,3995011.84,1998.75,0.13,0.29,131
stylus,Module,OTHER,0.86,0.86,10.64,1421.41,37.7,0.31,0.53,131
dat,Line,DOCS,0.89,0.87,236.53,141132.28,375.68,0.19,0.25,16
dat,Module,DOCS,0.91,0.89,6.65,111.04,10.54,0.19,0.38,16
natural,Line,FEATURE,0.75,1.25,360.0,129600.0,360.0,0.0,0.0,2
natural,Module,FEATURE,0.75,1.12,3.0,9.0,3.0,0.0,0.0,2
fpm,Line,SUPPORT,0.83,0.81,257.69,377231.25,614.19,0.27,0.32,22
fpm,Module,SUPPORT,0.83,0.8,10.28,727.41,26.97,0.14,0.41,22
jsdom,Line,OTHER,0.85,0.85,6334.85,1213052773.02,34828.91,0.15,0.27,223
jsdom,Module,OTHER,0.88,0.88,26.46,6430.21,80.19,0.34,0.54,223
dat,Line,REFACTOR,0.9,0.83,185.83,95447.31,308.95,0.0,0.33,6
dat,Module,REFACTOR,0.9,0.75,9.13,341.82,18.49,0.33,0.5,6
nightwatch,Line,FEATURE,0.82,0.79,10.01,286.57,16.93,0.0,0.0,17
nightwatch,Module,FEATURE,0.82,0.78,0.53,0.42,0.65,0.06,0.18,17
middleman,Line,BUG,0.92,0.92,1750.88,31247651.57,5589.96,0.16,0.29,119
middleman,Module,BUG,0.99,0.99,19.23,2918.11,54.02,0.29,0.46,119
fpm,Line,OTHER,0.89,0.89,1260.63,24606110.26,4960.45,0.17,0.39,59
fpm,Module,OTHER,0.9,0.89,44.16,34648.03,186.14,0.46,0.75,59
fluentd,Line,BUG,0.99,0.99,563.55,1778462.07,1333.59,0.23,0.36,150
fluentd,Module,BUG,1.0,1.0,26.97,4354.11,65.99,0.31,0.56,150
core-js,Line,BUG,0.98,0.98,2258.51,40011091.69,6325.43,0.43,0.63,63
core-js,Module,BUG,0.99,0.99,143.48,113536.96,336.95,0.37,0.51,63
vega,Line,BUG,0.81,0.8,2029.06,57462173.34,7580.38,0.24,0.38,45
vega,Module,BUG,0.92,0.91,30.19,11052.06,105.13,0.29,0.51,45
dat,Line,TESTING,0.89,0.88,210.98,304316.94,551.65,0.05,0.21,19
dat,Module,TESTING,0.88,0.86,8.42,534.38,23.12,0.11,0.32,19
fluentd,Line,DOCS,0.84,0.52,2.83,14.1,3.76,0.25,0.5,4
fluentd,Module,DOCS,0.84,0.84,0.45,0.31,0.56,0.25,0.75,4
mathjs,Line,BUG,0.87,0.87,2485.42,117416022.57,10835.87,0.11,0.19,81
mathjs,Module,BUG,0.83,0.82,128.26,117401.54,342.64,0.09,0.21,81
dat,Line,FEATURE,0.75,1.25,4.0,16.0,4.0,0.0,0.0,2
dat,Module,FEATURE,0.75,1.12,1.0,1.0,1.0,0.0,0.0,2
middleman,Line,DOCS,0.84,0.82,348.51,963746.13,981.71,0.53,0.59,17
middleman,Module,DOCS,0.83,0.79,13.48,1229.54,35.06,0.53,0.76,17
AutoMapper,Line,BUG,0.76,0.74,13821.4,1086912528.45,32968.36,0.12,0.31,26
AutoMapper,Module,BUG,0.92,0.91,62.45,21076.08,145.18,0.23,0.42,26
core-js,Line,DOCS,0.99,0.99,13.55,785.6,28.03,0.62,0.81,21
core-js,Module,DOCS,0.94,0.93,1.64,16.13,4.02,0.76,0.81,21
vega,Line,DOCS,0.89,0.88,2472.05,16951909.02,4117.27,0.04,0.11,27
vega,Module,DOCS,0.94,0.93,7.35,176.11,13.27,0.33,0.67,27
fluentd,Line,REFACTOR,0.96,0.96,27.55,1893.57,43.52,0.65,0.85,20
fluentd,Module,REFACTOR,0.98,0.98,0.44,0.63,0.79,0.65,0.9,20
AutoMapper,Line,DOCS,0.77,0.54,2622.72,8936397.96,2989.38,0.2,0.2,5
AutoMapper,Module,DOCS,0.7,-0.2,28.16,1243.96,35.27,0.2,0.4,5
mathjs,Line,DOCS,0.77,0.75,1456.78,9112080.1,3018.62,0.11,0.19,27
mathjs,Module,DOCS,0.85,0.83,45.46,8426.44,91.8,0.07,0.19,27
dat,Line,UPGRADE,0.84,0.79,9.03,200.17,14.15,0.1,0.1,10
dat,Module,UPGRADE,0.88,0.82,1.39,5.97,2.44,0.2,0.4,10
middleman,Line,REFACTOR,0.94,0.93,771.51,905758.35,951.71,0.08,0.38,13
middleman,Module,REFACTOR,0.96,0.95,14.64,315.01,17.75,0.23,0.54,13
core-js,Line,REFACTOR,0.99,0.98,852.03,1623656.38,1274.23,0.71,0.71,7
core-js,Module,REFACTOR,0.97,0.94,168.91,56924.49,238.59,0.57,0.71,7
dat,Line,RELEASE,0.75,1.25,1.0,1.0,1.0,0.0,0.5,2
dat,Module,RELEASE,1.0,1.0,0.0,0.0,0.0,1.0,1.0,2
AutoMapper,Line,REFACTOR,0.84,0.78,473.79,683758.31,826.9,0.25,0.38,8
AutoMapper,Module,REFACTOR,0.89,0.81,9.53,229.14,15.14,0.0,0.12,8
vega,Line,REFACTOR,0.92,0.9,1796.32,18162500.54,4261.75,0.08,0.38,13
vega,Module,REFACTOR,0.93,0.91,20.43,2322.74,48.19,0.23,0.46,13
fluentd,Line,TESTING,0.99,0.99,1198.29,3328220.1,1824.34,0.29,0.4,92
fluentd,Module,TESTING,1.0,1.0,12.32,445.69,21.11,0.46,0.63,92
mathjs,Line,REFACTOR,0.9,0.87,7089.87,219847683.98,14827.26,0.22,0.22,9
mathjs,Module,REFACTOR,0.9,0.84,90.45,24366.17,156.1,0.0,0.22,9
dat,Line,SUPPORT,0.86,0.72,56.92,6758.53,82.21,0.0,0.4,5
dat,Module,SUPPORT,0.9,0.6,2.57,15.4,3.92,0.4,0.4,5
middleman,Line,TESTING,0.85,0.85,1220.26,17980703.38,4240.37,0.06,0.16,68
middleman,Module,TESTING,0.97,0.97,21.19,2371.59,48.7,0.09,0.25,68
core-js,Line,TESTING,0.99,0.99,7664.83,451292603.92,21243.65,0.52,0.58,33
core-js,Module,TESTING,0.99,0.99,175.91,155683.51,394.57,0.52,0.61,33
AutoMapper,Line,TESTING,0.84,0.82,48778.3,11261324021.66,106119.39,0.0,0.1,20
AutoMapper,Module,TESTING,0.86,0.83,161.66,119908.93,346.28,0.05,0.15,20
vega,Line,TESTING,0.83,0.81,68389.97,40405302914.9,201010.7,0.0,0.04,25
vega,Module,TESTING,0.89,0.87,82.28,53888.29,232.14,0.12,0.24,25
fluentd,Line,FEATURE,0.97,0.97,66.01,37146.68,192.73,0.76,0.81,21
fluentd,Module,FEATURE,0.98,0.98,1.5,11.11,3.33,0.81,0.86,21
mathjs,Line,TESTING,0.86,0.85,1428.03,7136099.49,2671.35,0.16,0.32,57
mathjs,Module,TESTING,0.83,0.82,64.39,20502.05,143.19,0.25,0.39,57
dat,Line,OTHER,0.32,0.3,16023.75,3198035564.94,56551.18,0.11,0.26,91
dat,Module,OTHER,0.89,0.89,108.23,117981.5,343.48,0.37,0.62,91
core-js,Line,FEATURE,0.96,0.94,742.54,2580125.56,1606.28,0.5,0.5,8
core-js,Module,FEATURE,0.92,0.86,149.31,83951.3,289.74,0.5,0.5,8
middleman,Line,FEATURE,0.98,0.98,286.62,235303.87,485.08,0.07,0.18,28
middleman,Module,FEATURE,1.0,1.0,18.51,1342.25,36.64,0.11,0.18,28
mathjs,Line,FEATURE,0.67,0.67,58.88,3518.06,59.31,0.0,0.0,3
mathjs,Module,FEATURE,0.73,1.54,0.77,0.63,0.79,0.0,0.0,3
vega,Line,FEATURE,0.86,0.72,21192.69,1166810995.34,34158.62,0.0,0.0,5
vega,Module,FEATURE,0.84,0.36,95.27,17917.15,133.85,0.0,0.0,5
mathjs,Line,UPGRADE,0.86,0.86,279.24,111195.09,333.46,0.0,0.0,3
mathjs,Module,UPGRADE,0.86,1.28,20.01,571.11,23.9,0.0,0.0,3
fluentd,Line,UPGRADE,0.98,0.98,9.9,236.22,15.37,0.65,0.87,23
fluentd,Module,UPGRADE,0.99,0.99,0.99,2.63,1.62,0.78,0.83,23
core-js,Line,UPGRADE,0.97,0.96,23.86,967.8,31.11,0.5,0.75,8
core-js,Module,UPGRADE,0.98,0.96,3.93,23.08,4.8,0.25,0.75,8
vega,Line,UPGRADE,0.84,0.73,278.36,432860.02,657.92,0.5,0.5,6
vega,Module,UPGRADE,0.83,0.57,18.3,1323.98,36.39,0.5,0.5,6
middleman,Line,UPGRADE,0.88,0.86,384.83,255302.74,505.27,0.17,0.28,18
middleman,Module,UPGRADE,0.94,0.93,7.51,92.9,9.64,0.33,0.44,18
mathjs,Line,RELEASE,0.33,0.23,29765.38,1938158773.63,44024.52,0.06,0.06,17
mathjs,Module,RELEASE,0.9,0.88,3.52,23.1,4.81,0.41,0.71,17
fluentd,Line,RELEASE,1.0,1.0,1.71,17.32,4.16,0.8,0.8,15
fluentd,Module,RELEASE,0.99,0.99,0.38,0.65,0.8,0.8,0.8,15
vega,Line,RELEASE,0.83,0.82,4854.86,63658995.47,7978.66,0.82,0.85,34
vega,Module,RELEASE,0.9,0.89,0.58,2.54,1.59,0.88,0.91,34
middleman,Line,RELEASE,0.49,0.44,42.24,3303.05,57.47,0.04,0.12,24
middleman,Module,RELEASE,0.88,0.86,1.6,6.5,2.55,0.29,0.46,24
mathjs,Line,SUPPORT,0.93,0.92,264.79,434209.57,658.95,0.05,0.41,22
mathjs,Module,SUPPORT,0.89,0.87,21.96,4678.74,68.4,0.18,0.36,22
fluentd,Line,SUPPORT,1.0,1.0,147.69,134396.33,366.6,0.51,0.64,81
fluentd,Module,SUPPORT,1.0,1.0,3.7,47.88,6.92,0.57,0.69,81
vega,Line,SUPPORT,0.83,0.81,7805.45,155943529.16,12487.74,0.0,0.1,21
vega,Module,SUPPORT,0.92,0.91,55.27,11087.66,105.3,0.0,0.1,21
middleman,Line,SUPPORT,0.85,0.84,610.75,4794555.76,2189.65,0.22,0.35,46
middleman,Module,SUPPORT,0.91,0.9,28.97,4063.26,63.74,0.13,0.28,46
mathjs,Line,OTHER,0.86,0.86,14543.83,1941986231.54,44067.97,0.1,0.16,100
mathjs,Module,OTHER,0.87,0.87,155.87,223642.06,472.91,0.12,0.27,100
fluentd,Line,OTHER,0.99,0.99,2123.51,28307109.23,5320.44,0.17,0.32,182
fluentd,Module,OTHER,1.0,1.0,68.05,32407.08,180.02,0.4,0.6,182
vega,Line,OTHER,0.94,0.94,35333.48,5676353711.23,75341.58,0.01,0.11,70
vega,Module,OTHER,0.89,0.88,335.19,1074241.28,1036.46,0.19,0.37,70
middleman,Line,OTHER,0.6,0.6,18416.68,3477474083.66,58970.11,0.06,0.11,232
middleman,Module,OTHER,0.87,0.87,394.02,4420261.18,2102.44,0.23,0.43,232
